# Resource object code (Python 3)
# Created by: object code
# Created by: The Resource Compiler for Qt version 6.10.2
# WARNING! All changes made in this file will be lost!

from PySide6 import QtCore

qt_resource_data = b"\
\x00\x00\xa5X\
\x00\
\x00\x01\x00\x01\x00\x00\x00\x00\x00\x01\x00 \x00B\xa5\x00\
\x00\x16\x00\x00\x00\x89PNG\x0d\x0a\x1a\x0a\x00\x00\x00\
\x0dIHDR\x00\x00\x01\x00\x00\x00\x01\x00\x08\x06\x00\
\x00\x00\x5cr\xa8f\x00\x00\x80\x00IDATx\xda\
\xed\xbdy\xbceEu/\xfe]\xb5\xcf\xbd=\xcft\
34\xf3<\x8a\x0cAp\x001N\x18\xa3\x89\x88\x03\
\x0e\x89h\x14gM4\x89I^\xe2<\x8f\xf1\xbd\xbc\
\xc4\x9f&>\x84\xa6\xbb\x99\x05\x04'TPD&q\
@\x01\x15A\xa0\x81\xa6\xe7nz\xb8\xf7\x9cZ\xbf?\
\xaa\xd6P\xb5\xcf\xbd\xdd p\x19N\xf1\xb9\xf49g\
\xef]\xbbj\xd5\xaa\xb5\xbek\xd5\xaaU\xb4\xf7\xde\xfb\
\xe0\xf9\xcf\x7f\xfev\x97_q\xf9\x1bW\xae\x5c\xf9\xd2\
\xfb\xd7\xaf\x9f\xc9\x0c\x80\x08D\xe0@\x14\x89\x02\x13\x81\
A\x040\x03\x00\x18\x00\xa5\x7f\x09Z\x18`\x10\xe7+\
\xccL\x04b&\x00\xcc\xc4\xcc\x94\xae\xa7{\xd3\x83\xf9\
+@\xcc\xac5\x11\x01Dz-\xbd\x8eA\x9c>\xa6\
\xdf\xd3=\xae\x0e\xb6\x86\xe5W\xe4w\xe5\xeb\x04\x22\xf9\
\x94\x9a\xce`\x02\x03\xda?y\x9b\xd4\x0fpj\x07\xe5\
z\x13]\xb4\x9d\x90/\xbe\xa9\xfe\x93\xdcA\xcc\xa9\x8f\
\xc4\x1c\x091Rn\x00\x98\xd2]d/e\x02\xa5\xf7\
\xa6w\xb2\xbcShfm\xa0L\x03fNuX\x93\
\xf28\xe4Q\xb3q\x22\xb0\xf4\x94(D\xa2\xc0 0\
\x83\x8d\xe2\xee~\x197\x10+%3\xdd\x1c\xc1\xa8\xf8\
\x90\x86\x82s\x7f\x99\x8aQ\xd1\xae\x10\x13\x12\xdd)P\
\x0c!\xa4~\x83\x18\x01\xf9e\x94y,\xf1RQ/\
\x00D&\xe41,F \xbf\x93\x8dlLD\xf2\x17\
C\x081\xd37\x06\xe5!\xed\x9cv\x06\x999H\xeb\
\xcd\xbc,\x83\xc5~\xc89\x8d%\x838\xf1*\x19\xf7\
\xb1\xd4\x9bX\x8f\x191\xf3'y\xa6%b\xa2\xdc\x1a\
B\xc1\x13\xe5\xc0\x10\xb8\xcd\xef\x896\x91\x899\x06\xce\
c\x06\x10B\x08\xbdN\xd3t\xa7N\x9bv\xff\x9c\xb9\
s\xce}\xces\x9e\xfd\x95[o\xbduM\xe7\xff\xfc\
\xfb\x17\xa7\xbc\xff\x83\x1fx\xedo\x7f\xf3\x9bwn\xd9\
\xb2e~L\x04EUt\xc2)kQn\x80oS\
9\x13l\x0a\x91\x8d$\xea\x8a\xfe\xc8BD`7\x00\
\xc5\x1b\xc8\xff\xec\xe4\x94\x8d5\x97\x17\xfa6\xca\xaa\xa2\
\xaa\x9eq\x1b\xd6\xbfF\xb6\xff\x8dS\x91cFc\x81\
m~\xf5\x83(\xd5\x98=\xdc\xc5\xf7\xcd\x0f\x01Y?\
\xf3%\x86\xcc(d\x19\xc4\x9e\xef\x1e\x9a\xc6\x90\xbe\x19\
}fT\xc5GEy\x00\xcc\xf0\x90\xb6y\xeb\x9d\xe2\
\xf2}\x94\x14:\x08\xc4\xf7\xdcs\xcf\xeeS\xa7LY\
\xff\xe5/\x7f\xf9\xabM\xec\xf5\x9ey\xedu\xd7\xbeo\
\xc3\xfa\xf5{\xb0\xd3m\x15\x91\xd3\x90\xa8\x04\x83js\
\x94\x93\xdf\xee\x85\xd3\x0e\xec'\x7f\x7fJ>\xf8\x8eJ\
}\xd5\xe4o\xfd\xec\xbep%\xb8\xea~\xb6\xfa\x00J\
\xda[48T\xb3\xb1\xd0E\xfe\x904\x12g-\xa0\
\xdfs\x1dI3U\x93\xbf\xc5\x1fL\x09\x03\xb1{\xde\
\xb4\xe9\x03\xfa\x83\xfb\xebsM\xc6\xd2\xfe\xd0\xba\x0f\xf9\
\xefA\xbd\xbf\xef_?Z\x82\x98I\xe9\xc3\x8e\x86L\
\x91\x10)\xd33\x92\x8e\xc7\x83\xa5I\x8b\x0e\xd0~2\
'\x0d\x9a\xb5szW\xf4\xedy0}-\xff\x85\xff\
\xed\x8f\x19\xdbq\xfej>f$`\xd1\x00422\
2c\xe3\xc6M\xbb\xdc}\xcf\xdd\xbfjf\xcd\x9a\xf5\
\x8e\xdbo\xfb\xfds8\xa2\x93q\xe0\xf8\x13\xb4\xcf\x94\
\xd9f\x95\xf1\x00\x95\xe7\x83*y\xea\x8c]\xc9\xb6\xd5\
>n\x15\x05\x9a\x80Z\x0e\xe5%\x12\xf4\xb8m\xaf\xa4\
\xad\xfe\xf0\xa0\xe9\xd1\xb7S\x1e^\x16\xf7\xb7\x07\xf4!\
\x85\x044\xd6\xf7\xf4\xde@YP\x8b\x98d\xca\xcd6\
\xe0KcV\xf6\xc0\xdfOD\xed\xb1V\xd3\xd2\x91L\
p\xf9\x83z\x91\x97\xf0\xdb@\x5cj?N\xfd\xc6q\
\xac\xee\xf7\x9d\xa3\xa9\x9f\x81\x08\x81\x02FFGgM\
\x9f1cuX\xb5z\xf5!\xbd^\x1c\x92\x89O\xd9\
f\xa0\xb1\xde\xc0E\xad\xf6\x1bm\xc3\xdf6\x96\x07\x8a\
\x0f*\x1e*-\x8d\x8a\xe9u\x10\xfbN\xda\xb2\x0d\x7f\
\x0cNQ\xcb\x15f\x81\x14\xf0\x96J\x12\x02\xea\xf7@\
\x09\x8d\xff\xc8\xe9\xe7:A\xd5\x87\xd46\xae\xe8TY\
\x1f\xd4\x0f_=\xc86QUE\xd1M\x06BLB\
@|5\x04\x88\x1b\x84(\xa6?fEp4\xeeK\
\xb6N\x0f\xa0F\xba\xe9[\xb6\xdc\x8d\x97\xb2\x90h\x19\
\x8c\xe3\xbe\x8a\xb7\xe13J\xe2\xd6\xc6(\x95\xf2\xb8\xaf\
2\xe9\xd7\x86\xea\x15\x0e~\xa6\xff\x98\x11coh\xfd\
\xfau\xfbu6n\xdc8#&8\x98\x9e\xa4\x88\x80\
D\x05vN\xbf\xe2\x85\x1e%p\x85\xb2\xc7\xb6\x97\xfe\
\xa8\xb25+J\xaek\xd3\x0a\xe1\xe4\x9e\xeeW\xc9\x83\
l+\xd5}\xa5\xb2\x95\xdey@5\xb2\xd26\xda,\
\x10\xbb\x8d\xc8\xb1\xdf\x83h[\xdb\xa2\x18\xe3\x1a\x8d\xfb\
\xd48?\xf3\xd6\x9f\xebW\x8dz\x8e\xc5\xcbU\xd1B\
\x10\x13\x02\x88ca\x97\x97\x0a\xd8\xcd\x04\xe7\x98l\xb7\
i\x1b\xfa\xc4\xd9@\xd3\xaeU\xd6\x19W?\xf1Vx\
i\xdb(\xd1\xff\x12\x8f\xf1o\xf5\xda\xb1\xe7Xy\x81\
\x92\xdb\xb4\xf0\x09\xc7\xccS\x14\x996o\xde<\xbd\xd3\
\xebv\x87\x98#E\x08\xbc\xca\xff\xa9+2\x88\xdc\xe8\
\xff\xd2b\xe6=X\xa2l\xbd\xf0\x03\xbdV\x08]k\
{-\xbf\xb6\xa98\xe6\x13\xed`\x0e\xd8\xec\x02I\xea\
\x1bD1}\x8f\xd9yE\x84\xe0\xd4]d\xf1K\xf7\
\xf1\xbb\xa55\x93\x04{\xe9\xc1\x93\xb25\xc1\xc7@\x9f\
\xe5C\xac\xf2\xc8\x98\xadV\x00\x06\x8b\xdbk\x1d\xdb8\
F\x15\xf1\x0b\x85\xca!1m\x03\x80\x03(\x16\x9c\x97\
h\x1d2or\xd2g=\xae\xdf<\x8e\xb6\xad\x07T\
\xe6\x85*\x09\xd7 BZ\xa3 \xab\x87\xc7\xad\xf3\x01\
\x8fN\x7f\xa2U\xbf\x15\xeb%\xf9\x97\xd2\x85U\xf6W\
u\x0a\x02\x82:\xe9\x02\x12\xef\x19\xea\x0b\x00u\xbb\xa3\
\xc3\x9d\x18c`\x06\x10\x19\x08\x0cB@\xa0\x80\x10\x18\
\x1d\x00=N+-\xb1\xaf\xef\xb5\x0fB\x98\xc8\xb2-\
\x10\xe1\x81\x96q\xcc7\x83\xaf\x89))$\x86\xe1\x98\
o&FC\x01!\xafTD[\x0e**&p\xf2\
}\xd5\x10\xf0\xe1 \x91\xeb\xcb\x98\xca\xdd/\x87z\xd8\
\xee\x9b\xbf\x8d\xa4\xf7\xb2\xa4MP\xf9\xa9\x9e|!\x7f\
\x88*(\x89\x09\x08\x0d\xa8\x09\x89^\x11\xe0\xc8\x0fn\
U\x80\xc7k\xadk%\x89u\x92\x84\xcd\x83e\xa1q\
)3\x9e\xfc\xdazG\xfa\xf7\x80\x02\x08\x84\xc0\xc9\xe6\
\x07\xd2\xfc\x05Ep4j13u\x98c\x96q\x0c\
\x8a\x04\x0a@\xd30: D\x06\xba\x18\x87\xc0\x8f\xa6\
\xc9\xbf\x8d\xb4z\xc0-\xf6\xcf\xf5yX`{`\xa0\
\x13\x18\xcc\x01\x11\x02+\x09!;\xb6z= *\xf1\
\xbd\xfe\xf4X\xf4\xa1\xd22e\xdb\xad\xad\xe55\x1e\xeb\
v\xe6\xf6\x8f\x0f\x186\xd5u\xf6o\x14W\xefK\xf4\
\x0c\xa0\x10\xb2\xfdOY\xfbe\xed\x8f\x00\xf4z\x88\xb1\
\x97\xd0\xd4C\xc0\x83E\x1b\xc4\xf2b\x8ca^<T\
\xe5\x01\x98w\x8cm\x16r\xb9\xd9@\xf0\xe6g\xa2e\
\xaa'\xc215uZ\xc3A\x84&\x10\x86\x99\xb0_\
g\x18\xdbO\x1e\xc2\x08'\xe8\x1a\x09\xe9qf\xf1X\
i\xc3\x14>\x0a1I\x94\x89Iw\x06'-\x99\xd5\
\x0f\x13Cd=Sy\xaf8<B\x809a\xc0@\
\x10\xd8\x9d\xbd\x16\xc1\xa4\xb6\xa2$\xa9T\x9dMTh\
j\xdf\x1e\x85\xbc\xae\xff,q?J@\xfb]M\x00\
\x00\x81\x00\x0a\x84N\x13\xb0q$\xe2\x97\xbf\xbd\x1fk\
\xef\xcf\xf1D\x81A\x1c\xc0\x911uj\x07\x07=y\
:fLk\xd0\xed\xf5\x12\x14\x931\xc8\xcc\x9d\xb4d\
\xb0\xbe\x80|\xf0\x81[IMh\x813\x99\x19\x94'\
\x02 \xab\xb8\x86\x10\xf3w*i$\xc0P\xfe\x8d\x82\
@\x00\xadK\xfe\xa2\xbeG\xbe'_\x85\xbe[l\x15\
\xcf\xa4\x1c\xec]\xa4\x8c\x00P\x06\xa5\x84\x04B\x83\x10\
9 \x86\x90x\xafi\x10\xd7n\xc2\xba[nG\xdc\
\xdc\xcbc\x96y\x83\x19C\xb3fb\xfa\xde\xfb\x82\x9b\
!\xc4\xc8I\xa8v\xbb\xe0\x18\xc1\xbd\x98\xe0\x97\xb4E\
\x88\xa1\xce\x18r\x9f3\x1f+\xc1\xa8\xect/\x02\x82\
0b\x9a4\xb2@\xa1\x8a;;\xd7\x90\xd7\xf6<\xf1\
\xd5\xe7\x91\xd72\xf5\x1d\xd1f[\xc8\xa6v^\xdf\xcc\
lk\xa8P|\xa3\xe4~\xf3&\x97gw\x22B\x83\
\x80\xc0\x09\xc1S\x034\xc4\xd8\xd8\xdd\x80\xbb7\xdd\x83\
\x18G=gh\xe9\xc0\xad\xaa\xc4\xfc\xc2\x1e\x03\x93\x89\
\xf0\xa6\xe9\xdb\xe1YSfc3G\xf4\x08\xe8\x11'\
\x93@\xd0jP\x8c\x94\x02\xb7Hx8O\xa0\x90[\
'\x7f\x8d|\xa6\xfc9!\x0e\xb974\x00'\xdc\x02\
4\x04j8\xd9\x83\x81@\x81\xd3\xbdM\xe6\x99&\xf3\
YCz\x1dMz\x96\x1aJ\x130\xff\x8bN\xb6\xcf\
;\xc9\xbe$\x02\xb8\x01\xd0\x916\xc9\xbd\xb9\xcd\x1dh\
\xbb\xd0d{\xb1ap\xc8\xef\xccm\x09\x04\x84\x0e\xd0\
\x99\x12\xf0\xdb\xe5\xa3x\xfbG\xee\xc0Oo\xda\x88\xa6\
c\x93\xba\xd7\x8bX\xb0\xfd$|\xe0\x03\xbb\xe2\xa0}\
:\xe8n\x8aIhq\x003!r@\x8f\x03\x22\x13\
\x98\x02b\x9ed=\x0e\x88\x08`\x06z\x1c\xd0\x8b\x94\
\x7f\xaf\xff\x80^$\xf4\x00\xf4\x98\xd0\x8dv-2\xa1\
\x0b\xa0G\x011\x02=\xc8}!\xdd\x13\x03z t\
9\xa4z\x00t\x99s\x1d\xc8\x7f\x01]\xa6|\x8d0\
\xca\x0d\xba\xf9Z\x17!M\xe4\xdc\xae$p\x82\xfdQ\
\x00S\x07\xcc\x0d\x98\x1aph\xc0H\x9fAC\xe9{\
3\x84\x88\x0eb\xe8 \x86\x06\x9dIS\xb1\xee\xda_\
\xe1\xd7\x1f\xfb\xbf\x18\xdd\xb41M\xa4\x90V\x03b\xb7\
\x87I;\xed\x88\x1d\xdf\xfd^\xd0\xac\xed\xd1\xdb2\x0a\
\xf4\x22x4\x82{\x0c\xee\x01\xe8e\x01\xd5C\xb2\xb9\
\x22i\x1c\x1a\x98\x80H\x08\x91@1\xd9d\x1cS\xc7\
)\x02\x18\x8d@\xb7\x870\xda\x05Fz\xc0h\x0f\xd4\
\xed\x02\xdd\x1e\xa8\x1bA\xbd\x1e\xd0\x8dH\xc4dP7\
\xa6\xef\xbd\x08\xea\xc5\xf4=r\xaa+FP\x8f\x81\xfc\
|F\xe0\xa0\x1e\x83z\x8c\xc0y\xc2\x12\xd0\x89\x8cD\
\x19 \x80\xd10\xa3!F F\xc3\xa4\x14m\x90V\
\xe9\x02\xa7\xdf\xd3=\xc9\xc74D\x84!\xea`\x98\x87\
0D\x84\x80\x80\xe10\x84\xdfm\xfc\x15\x96\xdey\x06\
6\xf76\xa7\xbe\x16>\x08\xe2N\xbd\xae\xc1\x00F{\
\x09\x1b\xccl\x860\xa33\x8cI\xdc\xcb\xcb\x07\xd1-\
!9\xc9\x91%4\x13%\xa8\xd1$\xa1\x90l\xe24\
\x89\xd9\x09\x00\xf2\x9f\x9b\xa0\x02\x22tJ\x01A!i\
|n\x92\xa6M\xcfq\x9a\x94\x0d\xb2p\x80\xfbN*\
0\xe0>S'C\x89\x86\xb3\xa0\xa04\xc9\x9b\x5c\xb7\
\xd4\xd5\x88 H\xc2G\xde\x9d\x180\x0b\x1d\xa9\xb3\x11\
\xc1\x1504\xb9\xc1\xda\xcd\xc0P'\xd1%\xaa\xa4O\
\x9e\x93&0\xe6\xcdj\xb0`^\x83\xd1M\xb9}\xd9\
T\x88\xd9\xd4\x92\xbf\x1e\xa7I\xa9\xdf!\x93\x91\x8aI\
\xdb\x8b\x84.(\xf3b\x9e\xa4Y\x18t9`\xd4\x0b\
\x09\xca\xf73\xa5\x09\x1f\x03\xba\x1c\x92p\x88I\xd8\x8c\
\x82\xd0\x15\xc6\xcau\x8d2\xd0 \xa0a`T\x22n\
9iqfB'\xbb\x99\x98BB;\x14\x90b\x94\
\xf3DG\x07\x08\xe9\xdf\xc8Y\x18P\x03\xe6\x0e@\xe9\
Z\x0cC\x08\xdc\x01\x87\x0e\x98:h&OE\x98:\
5\xdb\xdf\x11\x1cslJ\x88\x88\xcc\xe8Q@o\xfa\
,`\xf6\x5c\xc4-#i\x02v\x01\x8e\x0116\xe0\
^@&,\x10\x01\xeeq\xd6\xc2\x84\xd0K\x93\x93{\
@\xc8\x13\x1f1\xa6{\xbb\x9c&\xfah\x174\xd2\x05\
\x0d\xf5\xec{\xb7\x07\x1aeP\xaf\x9b\x90\x81L\xfa\xd1\
r\xf2'!\x11\x11Dz\x06\x00\xd4\x05B/\xdd\xd3\
\xcb\xcb\x9a\x81\x11\x22e!\x90\xf8\xa3\x83\x88\x86\x9dN\
B\x12\x02\x0d\x80\x06i\xd2{A\xd0\x80\x84\xed\xd1\x80\
\xd0\x01\xa1C\x1d\x0cQ\x83a\x0eh\x880\xa9\x19\xc6\
\xb4f\x06\xc0\x84\x18\xfb{\xf0:T\xc4\xe8ehG\
@\x8f9I}\xca\x92>\xf62hI\x93\x9b!!\
M\x94<\xde\x19\xbd\x12'\xa8L!M\x82\xc2\x9bM\
\x9c\xed\xb9\x8c\x10\x10\x14\xea0\xa5\x81\x11#\x86\x22\xc9\
#*\xbc\x89\x01DJ\xc2\x84\x81\x90=\xed\xccH\xfe\
\x8b\x0a\xe4\x04\xc1J\xd1\xadpP\x86~Q\x16Y9\
\x9b\x18N\xa0\xb1A,\xa6d5\xc9v\x00x\xe8G\
Ip4\xa3\x8c8\xc2\x88Qh\x18\x15\xfe\x01@/\
Ft\xb7t\xd1\x1b!\x8cv\xb3\x89\xc0\x11\x91\x08=\
\xa4\xe7\x18\xc8\xda\x19\x0a\xc9#'/w\xfa=\xa2\xcb\
\x011r\xd6\xbel\x9a>\xc6\xa4\xfdEc\xc7\xa8B\
\xa2\x07C\x0e1f\xa1\x13#\x22\x181&\x94\x10\x99\
\x9d J\xbf\xf5\x14\x89\xc4\x84\x86\x13\xc63\xf3\x91C\
\xf6*\xa7\xf1H\xdd\xcd\x01\x91$~\xa34\xf9\x98b\
6\x19d\xad)&u\x18\x09\xa0\x1e\x98\x08\xb1\x97\x04\
/\xf7\x22bL\x0aGy\x96m\x9e\xf6\x18\xe8\xf6\x22\
\xc2h\x17q\xb4\x07\x8a1\xf1J/\x87\x09sL\x82\
*ka0\xcc\x8e\x89\x9c\x04B/\xf9d(rB\
\x10\xaa\xcd{@\xb7\x8b\xd8K\x13\x16\xbd\x1e(\xe6w\
p\xfa\x13\xb3 \x8dmLB*\x0d\xb6\xf2\x9f)\xda\
\xecTW;$\xe6O\x99&\xce'\x14\x99\x93^\x10\
K\x22\xf3)s\x8e\x15D2\xcf\xcc\x10\x8cy\x06\x06\
\xb8Z\xf2\xd8E \x04\xf4\xb8\x8b\xc8Q\xebl/\x02\
\x11:D\xed\xf0&f\x1d>\xedh2aH'\x85\
[]\xacA\x84\xfb\xcaj_\xa7'\xe4\x22Y\x8b\xf2\
$$\x16\x04\xc2\xb6B\xc6N\xfbB\xfc\x04\xee\x95\x85\
\xe3\xc1\xd9\xee\xf2\x1e\x92A\x90\xe7k\xefs\xed\x85\xb5\
\xb5ei\xb36Smr\xbb\x96\xda\x92\x99Z\x1dR\
\xde\x16\xf4.\xbd\xa8m134;\xb8\xc4\xe1Q\x8f\
\x84.\xb1\xca\xf2\x1b\x99;#\xbba\xecZ\xfd\xa88\
\xd0\xac\x9e\xb6\x0e\x101.\x0c\x1c\xd4ZK\x11r\xa9\
M,\xf1\x0d\x1c`\x0b\xe3I\x0a\x92J\xfe\x92\x09\x84\
^F?y\x9f\xf5_\xd8\xd9\x03Si\x8b\xdbtd\
\x83\x9f\xc7\x86\xf3D'\xb5\xf7\xf3\xfb\xd9\xdaB\x94\xfa\
FB(\xb6w+\x01\x91\xc7\x8c{yRG\xffF\
\x0b\xbc\xd1\xe1\xa1\x1c\xa9(|k\xbe%\xa6\x00\x0e=\
]:\xa0\x80\xec;2\x1e\xe7\xfc[\xe2\x1dN\xe6i\
!\x18\x85.\xec\xd8A)b\xedq\xd1\x919\xbe_\
\xefIs.\xf9ub\xb1v\xd7\xdf\x8d\x98\xdd\x83\x8e\
%\xb2t\x8b\xcc\x196H\x14\xb10C\x866\xd9\x9e\
bG\xf7to\x96\xfe\xb2k\xd0OJ\x19G\x92h\
\x83l\xf3;\x22[$\x9c8\x91\x94\xd7\x94H\xa4\x1b\
\xc0L\xf2\xf6\xf3\x5c\xab\x13\x8d\xcd\x8d\xa2\xde=\xf1\xd2\
\x98bwN7\xcaP\xd6I/aj\xbdn>\xa3\
\x96g\xbb\xfa-\xb52T}c\xa5Cb 7}\
\x1c\xc31\x91N\x167\xbf n^\x82L$*\xd0\
\x959\xbdD+\x07\xdd8\xa5\xfd$r\xde\xe2`\xfd\
R\xf9\xc9\x85l\x12e\x0a\x22\xb5=\xa1\x82\x86\x94\xd7\
\x83\xcd/\xc8\xbc*6M(\xe1\x18\x8e\xd3\x1d\xb1\xd4\
\xe5[]\x90F$g\x9f8\xf1t\xbd\x9ett\xf2\
$\xcc\xd3D\xfd\x7f.\xa2/\x0bl\x05v\x14\xad\xc1\
\xd9\xd6\xd6(D\x15*\xa4\xf3^\xdbN!\xf9\xa7\xb2\
`\xf4\x88U\xe5\x92'\x06\x92i#\x1b\x1d\xec7\xd9\
\x1a\x98\xb9:_+\x03\x9feN\xc9\xd4\x15b\xdb\x1c\
I\x88\x95\x119M\xff\x1e\xba\x09\x15\x8dQ\x9c\x0f\xdd\
i\x91\xdc\xae\x1eL\xd2*\xa1B\xdb\x0b\xe9\x9fe\xf7\
\x85]}\xe2\xe9\xac\x9f\xf3\xaef/\xa3Z\x13K\x1f\
v\xda\x10\xee\xbb\x0e\xb2\x10S\x06\xd47P8\xd21\
\x1d\xbb\xea\xd9B\xa0\x15\xc2{m\xae\xc2\x82\xad\xa3l\
\xd2\x97\xcb\xc6\x17\xbc\xcb*D\x9c\x80\x8c1CVc\
\x10e\x0a\x85\xae\xb9}*\x04K\xda0\x977z\x9e\
\xa0\xccxi\xec\x1c\x97P~F\xfb\xe68\x96\xb9x\
gE@\xa3Y[\xde\x96_\x14\xd8\xd8Fg\x1b\xc4\
\x90\xd8H\x82#\x1c\xa3(\xea\xachhH\x80\x93\xb7\
?\xc6L?\xdf$\xd6\xa1\xa2\xcc\xdc!+.\x95\xed\
2\xf9\xeb6;\x01bk1\x9e[\xb3\xb6v\x92Z\
e\x98\xa3\x87\x0aB@\xf9L\x10\xa9\xf1f)0M\
\x1e\xdb\xdc*\xc6#\x7f\xd7=>l$\x22\xc7[B\
\xa7\x98\x11T\xe4\x88n\xf6\xdf\xf5-\xe4\xfbZ\x0d\xa4\
\xb2U\xcc6\xaa0\x8e\xfe\xc3\x06\xa9\x85\x97\xdc\xc4\x97\
\xdd\xd8&\xb8\x8d\xb1Y\xa0V\x96\xc0\x9c\xe1\x9a\x0c\x8e\
\x87\xe4TL|A$\x15\x9c\x0f^k\x09?\x07\x83\
\xbf\xe4\xb6#\x12\xbbw\xb8-\xcd\xa2M=\x94w\x84\
\xf2\xd6W!\x14\xa8/\xbf\xda@J\x97\xbc\x90\x13:\
 &\x7f\x098\xd3Pb\xb5\x0d\xce\xc9h{\xe66\
\xce\x13\xd5\xaab\xab\xe0\xdbb\x17\xbe\xc3@N\x97d\
\x0f9 ~\x1d\x1b-V\xd3\xd9\xbdX\xd7\xe4\xb9\x98\
\xd4%z\xf2\x7f\xba\xd5\x9e\x14\xb4\xeaP\x8a\x80\x91%\
4\x91\x85[]\xdb\xcfJ\x83\x5c\xc4\xa4,KR\x9e\
\xf9\x94\x83a\x9c\xceH/u\x1aS\xf9RL\x8e\x02\
9:\xde\x154\xe8LC\xb3'\x90'\xa7\xf0\xbdG\
sl(\xd6\xff\x85z\xbe9\x1ar\xc1yn*\xf8\
t\x15\xe6\x17\x10:\xd8\x1c\x93O=\xf48Z\xe4i\
\x9f\x22\xe0\xbd\xefu\x06\xd0EZ\xfa\xe1\xa8\xaf\x85\x06\
\x03@\x93\x1f\x98_\x80PH>\xb0cK\x09\x95\x15\
\xfa;x.\x13I\xd98\x0b\x1b\xb3A\x81(\xb6'\
\x0bC\x95\xf0H\x1a\xcd\xdaa\x07\xfd\xf5]&\xc1I\
4\x03\xb9\xf6\x15\x15\x19\xe1m\x90lZ\xca\xc41#\
\xa4\x84\xb2\xb5Mn\xda-\xb7A8N\xfbj6\x9d\
>\x9c\x97T=\xf4c%\xb8\xa9>\x12GQ\xee\xa7\
\xf5\xc73F,P\x8fh%vwY\xcb=\xec$\
\xd5\xe42\x81sh\x06\xac\xd5F\x0f\x0dY\xd5\x08\xbe\
\xece 7c\x5c[\xf5\xdd\xd1\x98\xb7@!\x0e?\
h+\xa9\x1cyg\xed\x98\xa6\x15\xd9\xa9B\xd4s\xba\
Y\xcd\x05\xea\x80{\xbfhd\xdd\x8c\x04\x9d\xbc&\xfa\
\x9c\x11J\xe4\x96\xc5\x9d)\xe6L\x17/\x82K\xe0%\
\xb0\x1f\x86\x02\xf3|#\x87pSXy\x8e\x1f\x80\xb4\
\xcfh\xa8f)\x22\x22E\xc1\x02\x18\xb3P2$\xfa\
^\x13\x04\x10UkY/\xfc\xdc\xf0\x13\x8c<\x04p\
\xc3\x97\xec\xa0\xbc\xb9\xa86\x02\x94\x91dB\xb8\xb9X\
\xa7\xa7\xf1\x10\xa9\xce\xde\xd3b\xde\xe8\x04R\xbe\xea\x05\
\x10;&\xf2\x83@u]mCGb\xd2\x95\x9f\xdd\
\x95\x82Q\xfd\xf7<:,\x03g-\xc9\x81U\xc6e\
\x06!\xeb>\xc9\xa4\xca\xecW\x8f\xad7\x87\xf2\xa3E\
/d\x9fAAS\xdf3\xff;\x15\xaf6%\xce\xae\
\xderr\x16\xc4p<\xa02[D6\xbb6:\xa2\
'\xd8j\x0e\xc0~\x9c)\xa6\x9au\xddhRCj\
\xf9\xe0a\xbb\x09\xdd~\xa3\x04\x9b\xb7\xae\x0br\x97\x13\
W%\xads0\x13eLm(\xab\xdcS\xeb\x11a\
\xfa@\x16\x5c\xe4\x84\x91\xa0g*\x1a\x14\xf2\xdc\x13E\
\x9a#\xfcT\x1cX\x07\x0cIn%\x92\x91I\xddy\
c\x91\xda\xaa\xcc\xcc#\x1eJ\xa3/\xc3Kd\x07\x92\
\x5c\xc7\xdd\xbe.\xaf\xc4I\xba,\x9a\xbf~\x7f.\x12\
\x12\xeeE\xb1SX\xb6B\xc7\xde1[r\xb8\xeb\x92\
TU*+\xaen+\xf2B\xd9\xbbJ\xab\xc9a\x82\
\x9a\x93ja\xe0\xcd\xa1\x9a\xc2\xee[\x81Y\xb9\x02\x16\
\x96y\xa4\xa0qFO\xc5\xce\xaf\xfaEp\x1b\xbc\xea\
qv4-L\x83\x96\x90\xb5\xf6(s\xabs\x8cT\
\xa3I\xcb\x18@\xd4HNQ\x04\x8e6\xe44\xa8\xf0\
\x99\x86\x9b\xf6\xe7%O\xe3$SI\x16bl,\xa9\
\xdcD\xa4hPH\xcc%M\xad\x05c\xd0E\x87\xc4\
1\x8f\x22\x18s\x0e\x96\x88\xcb\xb7\xd7\xb5$\xcfp\x8d\
\xce\xacf\x9f\xe4z\xe3\xba-f\xd0@\x1a$Ne\
v\x11\xaeI\xf3\x9b0\xed\x07\xf0\xfd\x1b\xd5a\xdb\xef\
&\x8d\xc1\x96\x0eE\x1b\xb4$\xead\x03\x8c\xfa\xf4\x13\
\x83\xfa=\xed\x15\x144&6\x86\xf2\x16%C\xb4\x14\
\x19}\x82h\xd0v#+\x1e\xaflQy\xbf\xab\xcb\
1\x8fBEe\xear\xb0\xc4\xc8(\x87\xc4\x7f&3\
3Z\xa5\xdaAY\x9b\x07\xb6I;\x07QY{\xa8\
\x10\xdbY\xa8y!\xeb\xb5\xb6\x83\x0b\xad\xe7\xfa\x89\x7f\
.\x1bd:\xcd\xde\xa3\xfe\x155S\xa4\xa9\x86'\x8c\
\xdfK\x02V\xf2\xb2@1j\xcc\x94\x1e\xdbB\xb3\xd9\
\x08\x14#[R\xdf=n\xf3\xd4%\xa8\xaah\x9dx\
\xd2\x99\x94\x9e\x14\xbe\x89\xc8Kh\xda\xae\xdc\xd7\xcaf\
W\x9dK\xe6\x00\xd6;\xd4F\x04(xO\x0e\xd9\xc0\
\x05\xd7\xba\x8c\x8e\xdb\xb8\xc3\xd1K\x8b\xf85\x82\x1b\x8b\
\xf42\x96`\x8cqP)\xea7\x90\xe0\x8a1\x0a\x95\
3\xa3\x22\x9a\x9f\x04\x90.\xb6:Q\x8c\x87\xce\x07\x1b\
T\x05\xff\xf2\xbf\x0au\xd7\x10\xca\xe2\xf3\x0bA\xdc\xb6\
\x04\xfc\x07\x85\xcc\x95\x0an\xdd[K\xee\xea^O\x07\
\x9d\x1b4\x1e\x09+\x82r\x9b\x96\xec)\xd7'\x11\x9b\
\x9f\x9c}\xc8\xabZ\x08\x9e\x91\xca\xe5\xbbV\xed-\xcd\
\xc0\xe6\xa8\xca\x15\x0bJ\xb3\xbd\xc1\x1e\xab\xb5\x09\xc2T\
\x11L\x19\x91l\x80\x1dR\xf3\xde16\x16j\xf1k\
?m\xa8\x13] ~&N\xe90\xb6{e\xad\x9c\
\x00\xddGa\xa2\xa1\xa4\xb7M\xd6\xca\x92q4\xf3\x9f\
4\xeff\xd1`\xf2L-T\xd0\x9f\x5cL\x99\x09\x88\
\xfc\x5c;5\x01\xe5g\xd8~d\xb7AJ\xdb\x86j\
2xz\xf7/\xcc\x5c\xe1\xd9\xf6-:\xe1R\xfbX\
\xe1\xb2\xaemfx\x9e\x22\x96\xe0L,?\xd9\x22\xc4\
\xbb-Qy:\xd6\x95\xe6 f];mK\xe8\x8a\
\x95\x8b\xf9\xdc\xd6B~nK\xcc\x94}/(Q\x10\
\xb1\xd0\x8dd8\xc0s\x8a\xd5\xcdc\xb9QjJB\
XJ\xdd\x94\x92VQb/ \xdew\xb7\xf1\xc71\
H?\xb9%\xcb\x86\x85V\x14\xaft1'\xa5\x7f\xd6\
;\x83\xfb\x05UuP\xbc\x90\xd7X\x0f\x19\xb8PN\
\x04E3\xec\xdb\x06P\x14'\xa0\xaf\xd9\xc6\xd30\x85\
\xa7\xd5\xd6\xf7\xbe\xe9\xa4\xa9(RNn7a\x0b\x82\
P\xeb9\x1f\x00A\x9e\xde\x84\xe4\xf8v\xb1\x09Q\xf9\
\xac\xd6n\x1eII\x9de\x1b\xdbZ\xdd\xcd)\xc7\x17\
p\x93\xdesN9v\x80\xe7)\x06i8\x03@-\
\xbelq1Q1'\xda\xc5\x8b#\xb1\xf5s\x14g\
*\xa1\xac=\x9a\xa45f\xb4j\xa8\xd8\xfdgp\xc9\
kv\x91\x22uc\xa1A\x1bN'T\x12\xd3KD\
\xf6\xc3\xaf\xcb\x8c\xd6\xb6\xd2\x06\xcc\x04+_W\x90\xcc\
\xa2\x18}\xc3\xb8\x9c\x5c[-%\xf4\x0e\xd4FM\xb5\
\x8e\xb1o\x0e^j\xefbQ_\x89\xcb\x18\x12c\xa5\
oq\x9c\xa3Kf\x8a@\xca\xa5\xb0\xca\xa6\xb2\xb68\
\x9b\xb6\xc8\xa4\xab\xcd\x1dC\x1af\xd3Bv\xcf\x95H\
\xd2\xfb\x02\xda\x13\xa4\xcf\x08\xbb^\xb2\xf1^\x946\xba\
\xf6I\x82\x16'\x10\xac\xfd\xf6\xd6\xfe\xa3\xa8\xa9\xeb\xdd\
\xfd0\xbf\x07\xa0\xb1\x16e\x03\xf327\x99g^\xaf\
\x15\xe8\xd6E\xbd:\xb4\xec\xcd\x1cwg\xc1\x19\xe4>\
\x9b-+\xbbB\xc5\x99H\xed\xe8\xd7\xaa\x84\xd2\xee\xaa\
/\xca\x10q\xcd\x93\xe9\x8ah\x1f?'\xa5\x81ND\
K\x94\x1a\xb1\x87{Th-[m\xab\x98\xce\x09\x90\
B\xeaKx\xa5>\xcb\x85Yi5\xb8\xe1\xed\xc3\x9b\
\x16\x09\xc6\xc5\xdd\xfd\x82T5j\xab\xc2\xc2\xdb\x96+\
\xd21\x8f\xa7k\xee\xa0Y\xc9(PE\xa93\x9c\xb4\
t\xf0W\x92\xb9\xea\xf4qR\xae\xce\x01\xe0\xd4S\xaa\
.\xa3#/\x1c\x0b\x86p*\xbd\x85\x9a\x5c{|\x9c\
E1\xa9+\x1a\x19*\xa9\x85\x88(\x81\xf1\x89Y_\
%\xd78n\xcddVM^\xc6~\xd9L\x1bs\xf2\
\x93{&\xd3\xc0\x87\xb2I\x04w!`\x95\xde6b\
6\xd6>\x0aQ\xc9\x0f\xd9\x1e]\xf3\x95'\x85\xb5\xdf\
\x1a\xad^~\x09\xd3/\x84\x8c\xb5\x87\xfa1\xbd#\xe6\
\x98>\x00\xed\xaa\xb3=(\x9aD\xa1Hf\xd0\x00y\
\x82\xbb\xcezw\xbf\x8c|\x86\xf6~\x82z\xfbO\xd7\
U=\x94wv\xae\xc6\x1a\xb0\xec\xd1G%\x0am\x92\
\x09E=T\x17\xd6\x14O\xb1P\xdc\xf6\xa8{\x01S\
\x1b\x126\x1a\xb5,\xe4m\xb1\x01\x5cMDh\xa1C\
\x0b\xcf\xf5vr9\x16\xd2\x00\x0e\xad\xd9\x94'q\x99\
p\xc4\xf8I\x0d\xae\xcaT0\x1a\x17\xf5\xe7\xa7\x8av\
\xb2'\xb4_\x10st\xb2\xd7@6\x05\x05\x87$l\
\x8f\x87\x01Z\xf1[x!\xdcORS\xbf\x1f(=\
\xaf1\x0d\xdaD\xa7h\x14%d$H\x9ee\xda\x1e\
w\x13(\xe6\xd8V\xe4@\xc9\xf1]\x84\xba\x83\xe0\x85\
\x9e\xbc\xa3\xa0\x8c\xac\x90\xc8\x84${\xbf/*\x98\xc4\
a\x99\xd7\x14\xc9\xbdO\x9e\x88\xd0\x14\x9f%\x13\x91\xb5\
\xdd\xbcC\xfe\x1d\xbe\xb3\xc4\xa5\x0f`,\xf4V]\xf2\
\x9d-+\xf6\xcb=l;\x04\xdd\x00x\x87Lm\x11\
\x15I\x97|\x22\x85J\x8b\x19<7\x89\xa8 \xado\
`O\x95\xe3\xd8\x87\xa7\x124[J\xd1\xc3\x1a\xed@\
D~\x9f|\xc9\xf5\xe3\xe3QPMMS!\xea\xb0\
+\xec\xe4\xd2\xe4(@\xb2\x8f\xfcr0\xd5\xa3\x1f\xce\
\xb1\xec\xaaQ\xa8\x1aG\xf7\xa5^w7\x05\xe2%\x83\
l\xae\xc9\x0fx4\xcd\xee\xa7\xe8`\xbc2\xba\x98a\
\xf6\xd9\xb2|\xfa\x97\xbb%\xb5\xf1dj-\xb0\x0a\xb0\
F\xda #\x1f\xf9n\xa4\x9e\xf9w\x90\x8d\xad\x5c+\
\xb9\xa7\xdf\xfb\x05\x09\x14\xc6\xa6\xbdDi\xebM\x8f\x92\
gkeR/\xba\x91\x0c\x8e.\xb3\x92\xc6\x9fX\x93\
\xcb\x99I\x05\x1d\xfa!\xa6\xf2K\xb1\x17\xa0\xbe\x9b\xe0\
\xe3]J\x8c\xaf\xf2\xa8\x80\xff\xdc\xaa\xa7\x84\xd8\x5ch\
\x1dY\xdak\xdb<\x95WZ\x1d\x82T\x12M\xf7\xa8\
\xcb0\x97\xf8\xca4)k\x1c\xb5\xa5FF\xdak\xae\
\x0c$\xe8\xc1MHmw\x9b>I\xd0:\x1b\xab\x80\
\x0fc\x97B\xf3\xfa\xc7Z\xb1\xa8\x0eF;\xb3\x87\xbd\
\x00\x92\xb0\xd6\xbadm\xeb\x90p\x01\x92\xca(\xb9r\
\xec\xa8\x9cZi\xf20\x1b\xb3U\x1b\x90\xbc`\xf3\xd6\
\x89\x84\xf7J(\xaa\x0a\x8f>\xfcFBxO\xa5\xda\
\xf7\xe0\xafV@\xa1\xb8\xd5\x18\xceb\xe7}\x05T\xd5\
SM ]\xae\xe3Ra\xd5tb\x94\xf4\xab\xeb\xf6\
\xc4O\xceP3\xcf,K\x12DZ;[\xc9\xda\xac\
\xd1\x93\x99\x09\x92\xec5i\xab\xe7x\xb0\x99[\x8eU\
\x5c\xd7\xfa\x0b\x03@\xf7w\x8e_|x\xa7mJ\xb1\
\xc7T\x1fe\xba!\xb29\xd6\xd9\x5cU\x1a\xb4\x01\xbf\
\xd6\xec\xe2\xc5[\x03\xe5\x9cv\xb6\xeb\xa1m+:{\
\xa2\x5c\x92q#\xe2\x05\x97\x9fk\x9eb\xfa\xb3\x8bY\
/L\x00.\x18,=\xe60\xe5\x98\x85Q\x08\x07E\
6\xac\x7f^\x08\x15\x82R\x9bG\xeapR\xd8.\x8c\
\xae\xaa\xdfK\xaev\x13\xfc\xbf\xd5\xd7\x8a\x8e\xa6\xd6\xf5\
\xc4A\x19c\x16a\xedBd\xfb\xbc\xc7v\xcb:\x9f\
G&\x9f\xf6\xa2X\xff\xe3\x92\xd4[-.\x08g,\
\xaa\x17\xaa\xdc\x99\x1a\xfe\x15*\x84\xd8!+\x99\x5c\x94\
\xf32TC\xd8\x8fUm\xa0\xe0]\x87\xe59\x0f\x99\
\xbb*D\xeb\xf4\x5c\xb19\x8a\x1d\xad,\x18\x8f\xdb\xdf\
\xabe]\x1f2TO}\xae\x1al\x91\xcd\x15\xec\xd2\
\xaf\xd9&\x11\x18j6\xa3\x97XU\xc7$\xcd\x97\xd4\
\xd4g\xae\xfa\xc1\xa0\xbe\xdc\x88\x02\x0a\x95N\xa4*\xa8\
H\x04D\xa1\x8d\xe5>{\x89\xc0g\x81\xa1\xb5tO\
?;H\xd2\x1aao\x17\xda\xe0\xa5\x81ns-\x15\
\x9f<4v\xd8\x9e\x8a\x7f`\x8e@\x94\x83X\xc8\x10\
Y\xf4q\xe2\xaa\xe6h?\xe8jj\x10$x\xa5\xd6\
\xbaTbb\x85\x87\xba\x05\xc3o\xee\xf7H\xcb\xb0Y\
~W\xc5l\xda^\xa9\xb7\x9c\xae\x12&.|\xd2W\
\xa8\xb4\x08\x9b\xd9\xda\xa3\xe9j\xd2h\x9b\x9cyb\xe8\
K4\xac\x1b\x1f\x11\x04\xc5\x1e\x0f\x87V\x85\x09\x85\x86\
U\xb4f\xaa\xc2;c=\x0dd[w5\x1d3\x9f\
\xd9\xa4\xac\x85\xb7\x0f\xf7\xb1\xa5xi\xa1\x9ax\x92*\
\x1d\x8e\x9f\x8b\x0d\x12Uq\xef\x08\xe3\xdaZ\xb5\xa4\x12\
G^\xf1\xb3\x02E?6\xca\x9c\x1e\xe9xdG}\
f\xb6_b\xf2\x0d0\xc6o\xab\x1bYNd\xf7\xae\
B\xa8y\xfb\xdf/\x0f\x09\x11+!!\x5cb+\x1f\
\x0e\xa7\x92\x83}^\xb0\xe7\xefc(\xc3\xa2enl\
\xfb>#(\xa3\xe6MC\xb3\xb5\xa9`\xed.\x96\x9b\
J\x8f\x80kG\x05\xf6+u\xe4\xb5f\x01\x80\xb4\xb1\
5\xf0\xady\xc2}\xe7\xb2\x92r\xcb\xb4\xdd\xa7\xac+\
\xb9\x0f|0A\xdfR\xe6-\xf0\xa6Z\xa9\xc7J\xcd\
\xe86>\xb6h\xcef\xbbX=\xde\x8f\xe0\x10MA\
\x16\x81\xe1n\xc4\xd9\xf5\xbbF\xcb\xe5\xd6\xc0\x92-T\
(\xe7N\x99\xc0BE\x0fs:\xfaLU\x85\xe2 \
\xda\x0a\x0d\x931\xe7\xd3\xd0\xb65pM\x10\x1b7\xf3\
\xfa\xb3I}\xb7\x18T2c\x10\xbb\xca\xc5\xfbg\x1b\
T\x15\x8b6\xbc\xa0%\x0a\xed\xe1\xc0\x95\xe5\xd1O\xbf\
\xc8\xe1\x1bI\x18\xe5P\xc9\xc2\x01\x93\xd1\x95\xdby\xe7\
Q\x0dyhO\xd0|\x84\xe5$\xb5\xd1\xf0\xb2\xca\xb4\
\xdbX\xb4\xb6\xc9\xa3@\x85\xcb\xcbc\x0f\x93'\x86\xb4\
\xdc\x22\xcb\xea\xa9%\xe6\x94\x0c\xae\xa5\xed\x8c\xd6\x14\xc9\
\x13\x10\x1d\x09]b\x8a\xe2\xd5\x0a\xf4\xd8=\xef\x99\xcc\
u\xc6kf\xb1w\xe16\x81\xb9{\x0d\xa6\xe6\xff\xbb\
\xfa\xb7\x06\x01|h\x96\x17<\xa5/\xa0\xe4\x1c\xa3\x92\
 G\xb9\xcft\xbd\x5c\x91\xa5Q\x7f>\xa0\xef\x97y\
\xe5\xcd\xb7d\x9c\xe9\x88*\xc8\x0b:\xfc\x16\xffR\x10\
\xd9\xb7\x05\x05\xef{\xe1\xaaq\x03\xdeRt\x7f\x05\xbe\
\xf0\xd2{lrr\x187\xe6\xaa\x8fP0\x07\x8c\xc1\
~?g}`\x83b\x00g\xe7\x15\xb1E\xc2\x062\
Xj`\xb6\x89T\xa3\x0e\xc3\xa6\xee\xdd2\xf0$\xfb\
\xe4\xf3\xaf\x19f\xea\xdeq\xaf\xb1\xaa\x99\xac\xa9\xa2a\
\xf9\x7f\x98\x9c\xd7\x98\x5c\xa3\x1eH\xd1\x0cI\x0eV:\
\xe7d\x1f\xdc\xe8\xa9\xee\x06\xd7\xdaj\xd1\x96\xd4\xc7\x8c\
*\xd3[\xf9\xee\xaa\x10\xcd\x12\xbdF\x9f~\x15\xdb\xe6\
\xa3[\xea\x82\xc8\x0c\xf1\xf5PQ\xb7N\xec\x8c\xa0\x92\
\x13\xd1\xf9\x12\xa8\xaa\xcdkAFk\x7f[\x8b\x1al\
|W\xb3\xa8\x826W\xb1\xf2\xa1\xdf\x83PS\xc4i\
&\x96{\x1d\x9a\x16\x13\xc0\xcc`\xef\x0e\xf4\x9b\xdd\x82\
\x12\xd3\xc7\x04\xf4\xe5\x96\xcaG\xe1W\x9a\xfaY\xa0b\
\x02(\xe2\xf3f\x9bv\xc1\xf5\xd9\xa3\xed1Jh\xbd\
\x85\xfc\xcb\xdc\x9bE\xb3h:.!\xb4x\x9c\x19\x9a\
\xf4\x9c\xfb\xbc<\xb8\x8a\xfd\x05\x8f\xf6\xb8\xe2\x84\xe2s\
?\xc6\xf7cZT\xd4\xb2?\xc5\xda\x10\xf2\x04/U\
\xfa@\xd8\x22\x81;\xa3\x9f{\xe1\xc1\x0b\x04\xa7\xe1L\
Y\xb22\x95\xd9{~H\xc47 \xf0\xd7\x991\x0a\
^\xc47Qj\xa5\xa2\x16g=\x14\xc11\x0eo\x16\
\xf7\xd4\x0c\x9c\xbf\xc4\x02\xe6\xb3N\x0eO\x86\xd2\xf4\xaa\
\xcd\x16OW\xb6A\xd8\x162\xb6\xbaeX\xc2/7\
\xda~}\xe9\x0c\xbb\x89\xdb\xa7.U\xa3\xae\xcf\xd4n\
\x92\x8a;\x97\xfc\x83\x18\x99\xc7\xc5\x16\xb3D'^\xc8\
z\x80\xe3\x0d25\x19$\xed\x18\xa4\x1ddm\x1b\x8f\
\x1c\x94Qy!\x90\xb2\xd0\x1d\x1bQm%\x0e\x80\xfb\
\xff\xac^xo{\xb64P\x01\xceP\xabq'#\
\xcc6+\x04b\xf9\xd6V\xd8d\xd50.\xff\xd7W\
5\xf4C^}\x82\x8eQ\xeb2\xbb\x9f\xfb2u\xb9\
Z\xd0\x87\xca0f\xf2\xd0\xc3{\xf6\xf5\x1d}\x17\xa1\
\xdd\xc4,e!J\x09\xda\x06\xc6\xbev\xae\xbe\x83\xd9\
\xc6R4*\xf5i\x83VM}y)8\x01)_\
\x0cH\x09R\x14[\xcfI\xcez\x05\xa5\x10lc\x97\
\x0a\xc4\x97\x83\xdbB\xa0\xfd\xf9\xbf\xf0\xe8\xfb1\xa9\xf2\
\x11\xaa\xf3SQa\xc9t\x8aBB\xc9\xbb:\xden\
_\x7f\x7fN\x13\xa1\x91\x7f\x88\xf5\xbb<\xe7I{|\
\xd0\x9d\xeb\x87\x8c\xd18\xef\xab\xdeN\x9a\x12\xb2\xa0\xae\
#\x8c\xd9\x88\xd0\x01\x8c\xda\xf4\x126x\x1f\x80o\xbe\
\x9f\x97\x12\x13n\xcdw\xcc*\x99b\xa8\xbd\xc3J\xc2\
\x88\xfb\x9a5*_J\xd4\xc0\xd5M%\xf47\xfbL\
m-A\x12\xaa\x8d\xc5l1\xcdjU\xda\x22<\x15\
\x9f\xfa\x90Y\xe8\xa8.b\x9b1F_S%\xd5\x0a\
{\xa9\x81\xd8\x09\xc2\x1c\xd0d\x8eXM\x0f\x9a!\xb7\
\xef\x8b\x0d\x15;\xd4@u;\xa4r\xd9\x93\xaf6k\
\x8e\xbet\x10Q\x1cc\xba2\xc3e\xec\xbbV\xe7<\
\xddE\xe0\x8a\xa0\x10*{Y\x9b\x05}IK%\xca\
\xd3\xfd\x1e\xfd\xcc\x0779\xda\x0c\xe4b\xf6k\xa2;\
SC\xc6\xd1\x9b.B9M\x00\xc4V\x9f\x8cUb\
\x9b\x8cG\x04\x10\x14\x8a\xd5\x07\x96\x89B\x957\xe6}\
\x0c%\xc9\x9c`3\x94Q\x08\x04/\xa3J}\xd0*\
\xa5\x13p+4W\xbb\xb16*\xc8\xd9|\xc4\xed@\
\x87\x8a\xfeE\x88\xa2#8YOJ-G\xe6O0\
\xc8\xdc\xbf\xb1\xc6\xce\x95M\xb35\xc5\xe2\x85\x9d\xa3z\
\xc5\x96m2)g\x8f[\xb5\x05+\xb5\x02=\xc6\x19\
(\xaa\x88\xe7lR\x81\x98\x06\xe1K\x89Y4K5\
J\xa6\xb1\x136\xfdbe\xc4\x89\xa8\xc8\xc6;\xc3\xc8\
L\xaaR\xc5\xf8J\xfax\xbf\xa5]lm\x87c^\
r\xf0fk\x96\x00\xb5T:\xa1~\xdd\x98\x02\x99\xeb\
\xab\x9e\x00\xc9\xb9L~\x9c\xdc.\xc8\x22\x99IYa\
\x1bp\xbax\x00\x9b\xb5\x05\xb3+][\xc8\x94\xdc\x18\
\x82[\xd3M\x01\x83\x0a\x1c\xc0\xc7\x1f0\x19\x0d\xb7\x02\
N\x9d\x0f\x00}^\xe2G\x99$\xf5\xb4\x0cV\x1eh\
%?\x17\xf9\xd2\xb4\x81\x12\xed\xa7\xb6\xa2\x9b\xfe\x15\xd3\
s\xa4\x9c\x18\xb2b\x02O<.\xeb/\x96\x08\xfbv\
\x94\x8b*\xc8\xb5\xa9M\xd1\xf2g\xdb\x0f\xef\xb1MY\
\xaf\x87\xe8\xae\xb6\xb1KF3E\xf7\xdd\x9c\xb4\xfd\xea\
\x9e\x02.\xeaA&\xa3k\x9bVM\x8eT\xec\xc9V\
\xda\x91\x82F\x8aI\xe3\x93^\x10\x80\xe0B\x7fm;\
\xa7\xff\xc7\xa0\x7f~W\xd4wp\x91\xee]{\xcbe\
\x80\x8a\x91\x8e\x0a\xe8\xdf\x92+}Tz\xbf\xfc0%\
\xbd\xda[o\xbd&o\xe90c\xd8\xfc\xdd5\x9e\x12\
\xc4\xb7C_\xbd\xe9'\x8a\xab\x00\xb9\xa6\x0c\xfd\xf8\x0a\
R\x10\x01\xe9y\xdfW\xe8\xa0\x87\xa0\xb9\x12\x92g\x1a\
\xe8\xb6a?W*\xe1?\x8e(eD\x0a\x5cp\xd0\
\x187\xb2\x1bx\xf6\xd0\xdf&\x81\xd7`\x1aLQ\x08\
\x8b\xdc~\x9d\xe0\x82\x87\xaa\x91t\x83\xa3\x8cRD\xdf\
\x09\xb1+\x19\x9f'\x96\xda\xe7\xf9\xfe\x0aq\x16\x98N\
\xedT\x09uecJ\xb5W\x03\xab3\xac\xc5I}\
\x07o|\x92\x0b\x88l\xc5\xdf\xab\x10pO\xc7\xf29\
g\xeb\x8c]\x08\xb6Q\xaa\xa8\x8e\x0b\xaf\xb1\xecGp\
A\x7f:>\x92\xa1\x18`\xd8I\xa6\xe2\xf1\xd7\x0d\x1e\
\x85\x88\xb2\xf9RY\x94b\x9aUX:\xaa0qY\
\x81\xb9\xce\xdfWu}\xac\xef\xdau\xef=7aP\
\xd3\xa2\xaeB\x12lPa\x0ax\xc2@\xf9R'\x9b\
V@eH{!+M=\xea\xa7*\xe5\x17\x91\xd3\
\xf0&3\xe1?\xd9f5g\xff\xebnX\xe7\xea\x94\
-\xf3Q\x06\x04r\xd6\xc9\x18\x9c\x92\x92\x1dq\xf1S\
E{wf\x89\x81\x92\x96\xdb 50R\xa5\xbd\xf2\
13\xa6\x84\x08b\xa9\xf9IV+qa&\xf6\xcd\
R\xd3\xa1\xeeB\xbe\x96GF\xd7\x9731\xdb\x09!\
S\xfc~,$G\x05\xbd\x94\x91\xeb\x8d\x1c\xf2\x84\xe3\
\x82q5\x7f\xa9\x9d\xb5\xe3\xceFd\xb1A\x85\xe7\x14\
\xb6{D\xc3\xc6\x1c\x16\x91\x02\xc0\x0e\x9b2\xfb\xb48\
\x00\x1a^h\x1a\xeb\x09C\xe5\xd1\xca\x5cS\x04\xe0x\
\xc0\xa5s\xc0C.r\x93\x1bE\xd0\x8ct8\xa5\xa9\
\x22\xcf\xcb\xa9\x16\x0e(l\xe9\xbcq\xa9v.\x17$\
,\xecZ\xd2>\x1b\xdf\xb8\x1b\xdcA5\x05\x02r\xbb\
D\x93\xad\xed\xe6w&~\x01\xe8\xc8\xb8Y\x1d\xa0j\
\x8e\x09&\xf3\xa3M@>\xd0\xb5\x8e:\xf22\xc8\x04\
@zg-\xf3\xe4E\xe4\xde\xe0,\x86|\x8bi\x10\
q&\xd7\x1e\x7f]\xe9\x19c\x1d\x909\x9f\x9b0^\
\xd1\x09\xe9\x09%\x939\xe7O3\xa0e\xc1&\xc2\xa4\
\x85s\x85\x90s\x08\xfa\x81+;f\xf7\xfa<\xe8F\
\xd0\x16\xfapJQ\xf7H\xb3\xd3<\xeeV\x0f\xe9\x88\
 \xbb;\xdd\x0fy\xa0=\xcf0\xd5\xfc[NNm\
\xcexj\xd9\xe8\xa5\x13\x5c\xe4\xaf\x9f\xd0\xeeZ\xb1\xa9\
&\xdf\xea5\xa8\x08]\x0f\x95\xd5\x0dXO\x90\x82\x06\
\xf2\xbccrJ\x8c+\xd1cD\xae1Y\xf3h6\
\xda\x9cF\xb6\x0e\xc4\x92wx?\xa7Lf9?R\
]\x94,\xe7\xcb\x98\xa36B\xc6<\x0b\xa8\xda\xf3U\
S\xb3\xef\xf6F\x07\xef\x8b\xb5\xb6>\x09^\xcb\xc1+\
\x86\xb0\x5c\x92\x85\xae\x95\x15\xa9\xc7\xe4\x10\xdb\xdc\xd9v\
\x10\x12\xd5\x96\x93\xa1x\xe7\xe8\xf5\xacY\x8c\x8b\xd0\xb3\
6u\x88\xd3\xe9\xd2\x9eo\x82\xb4Z\x22\x1aE@\xa1\
\xe4\x91\xba$\x1d\x1d\xec\xcej\xf3\x8c\x05dpa\xbb\
\xfa\xd4_\xd2/\xd2\x03\x0ad\x13\x85P\xd4n\xf2Q\
K\xfa\x1aY\xf7\xd4\xd7\xe7\x0f\xa2\xa2\x05\xca'v)\
\x7f\x96\xda\x9d&`=\x16G\xae;\xc8/m\x95|\
\x02\x85\x0a\xc8_\xa30\xb8ZzF\x83\xdc\xce\xe0g\
\xaa\x0fH\xefG\xe1>\xecfL\x22\xe3\xeeL\x16A\
\xde\x02\xb1\xdd\xf6\xc4\x22\xe6\x9fl\xb2\xd9\xf8\x00\xfe\xa4\
\xb5\x1a\x0a\x8b\xceJ\xab\x00N{I\x17T\xc8{\xb3\
\x8f\x0a\xcdl#\x9a\xb0a\xcb!\xa7\x87\xc4\xb2\xda\xc6\
\xe9\xe7,\xa2\x1d\x9b\x99ER\xa867Rc\x10\xcf\
kX\x96\xf1r+5\xdcF$\xb6\x85\xa6\xaa\xda)\
)\xd9XTNJ\x1b\xa8r{\xba\x89g\x0b\x9ff\
\x10\xe5\x14\xc5\x22CeN\xc8;\xa4\x8f\x85v\xab\x98\
\xd9\xa5y\x13\x05\x10\x85'EP0;\x94\x0b=H\
U\xa2k\xe5\x85T\xcd\xb7\x92\xa6L\x810N\xe9\xfb\
\xa4@\x12c\x22\x81\xa6rRK\xd1\xb3>\xb6\x1b\xd7\
b\x89]\xcd\xc4\xc5\xbdJ\x8f\x9a\x0f\xb4\xfa2\xe0E\
\x95d\xcb\xa0\x971!\x94\x5c@\xc6Pc\xccc\xae\
\xb8Fk\xabv\x06\x8e[T\xb8J\x1e\xc0<\x5c\xc2\
L\xce\xf1Y0\xa0\xc1\x1b=\xdb\xa3fb#\x99i\
A\xa8I`\x8c\xa1\xa8&\xff\x9f\x80\x9c\xd8\xc5\x18\xc9\
\xee-\x05$U\x92\x9b\xaa\xe6\xd54\xf0\x81F~\xce\
\x94\x8b<\xe9\x88l\xc9\x16e\x15\x97\x8a\xc8\xf7\xb5\x9c\
/\x0aQ\x1c1J\xb6-\xab\xe3r\xb8\xc4\xd1V\x98\
\x01\xd6@\x0b\xab\xb17\xfb]\xae\xb6\xcd\xd5\xd3\xc1\xde\
l\x87\xc5z\x06&7\xa4\x06\xef!\xa8\x85D\x97\xdb\
\xed\xbeN\xf3\x07:\xa8\xef\x04\x92\xfbA_=^\xa9\
6\x03\x95w\x8bE\xa9\xcaN\x08\xe3P\x9aZ\xfd\xce\
C\xa2\x9b&\x9c\x9a\xf6\x8e\x15;.\x99\x8cQU\x83\
\x91N^o+\xd5N8v{\xd3\x93g\xb1\xe2\x99\
<@\xad\xa9\xa9Qk>\xf4\x12N\xcb\xc1AQ@\
\x8f\xbc\xd6\x83\x19P\xd8\xc2~\xcf\xb5\x9b\xe3}J\xb6\
\xf7t\x80\xb8\xbc\xd7\x99\x15\x8eT\xd5\xa0&\xcfo\xa9\
\xe1\xbcVc\xad\xcag\x18J\xedl\x9f'\xc00\xa6\
\xd7We\x0e\xb7\x09\x9e\xb7\x9b\xaaV\x91\xdb\x82\x0a\x0a\
Ag\x09\x09\x8a_\xc3\xf1\x0ad\xbc*\xb9\xef\xb7\xb2\
\xfa\xe5\x84\x82\xe5\xfb\xb1&+\x8aI\xa8\xc2\xa3<.\
\x84\x00+\xef\xf4\x89[i\x99q\xce\xef*\xf2]4\
xt;9\xfb\x98\x7f\x16\xef`\xe3\xc5\xa0\xbe\xfe\x98\
\xc2S&cU \x02\xbf\x89:\xfd\x9f\x88szr\
C\xc7>\x9b\x12Q\x89n\x8alAc\xd8\xf9\xcc\x02\
\xd8\xc6\xda9T\xcc\xfc\xca6\x81A.?n\xe4E\
\xbd\x10P'\x18A\x83B\xdcC6\xa9\xa8\xfdn\xa9\
N\x84J\xc5\x0c\x85\xfe\xef\x83\x1cMD\x89\xa0\xa9\xf2\
\xb3\xf8\x84\x15~d\x0b\xda9I-\x9d\xf4\xfcZm\
\x1a\xf1\xf2\xad\xa4\xb8\xff\x87*\x9ay>,\x85gQ\
\x97\xc2J\xcf\x1er\x8fNC\xadO\x9b\xcf\x06\xeb[\
cLV\x97\x9a[\xb2O\x81\xad\xa5\xc5R\x99\x0aH\
y\xacO\xdd\x5c\xaf\x09\xb8\xb1 Rde\xab,\xa1\
\xc5Oc\x81+[.\xedsM\xef\xa9\xd8aL\xa0\
F\xe5g\xa5W\x86\xe2\xae1\x1e\xa5\xfb\xdbI\xe8\xd4\
zg)-d\xec-\xce\xa2\x9cG\xf2\xbd\xed\x184\
b\x97b\x04\xc5V\xf4~;\x1d\xc7\x82\x01D\xe0@\
$q\x9b\xdc\xa2\x83\x18i\xa2\x05\xe5'9{\xdd/\
iPV\xbb\xed-\xbd\xd6\x0e\x13\x98\xdcf~&x\
\xff\xb5\xd7.\xf0\x8c\x076\xa6$Ve\xea\xf3.\x94\
0\xcf\x9b\x05n\xb0\xd8M\x1cX\xffm\xcf\xb6\x13T\
\xa2\x9d|\xdf*\x13\xa6\xb5\xc3\xaf5\x18^\x93\x93>\
S0i\x95\x10\xc4?+\x82&\xb4*6\xef\xb4>\
.\xa7zV\xa6u\x9d!\xc6 e\x0d\xbf\xab\xef\xc2\
\x07\xce@\xa6\x96\xd6rH\xc2=\xef\xd3\x9e\xfb\xdc\xb6\
\xe9\xf1\xbc_\xd1+\x08\x0dhq\x13\xc6\xbd7\xfdH\
\xf6\x8f\x08\xc4\x82d\xa5\x10,\xb2\xf8\xb8\xfc\x15\x06\xc4\
\xfc\x04r\xb6K\xa6\xb5\xd7\x83>\x06\xc6\x0e\xfb\xa0R\
\x8b\x03rn\x8ecN\x83\xfc\x99\xf2\xda\xbe\xe0\xf9[\
\xfa\x04\x87\x8c\xe1L$\x96\xeb.BU\xf8\xc9\xd1\xde\
\x9b|c\x16f\x0aD\xe4g]Q\x8a\x1d\xb2,\x83\
c\xfb\xff\xbdCJ\xf9\xa5\xb0l\xa8\x80\xa3\x0a\x0e\x8a\
\xe4\x13\xe2\xb8b\xf5\xb7\xf8n\xe8g\xb6\xe5\xb2BQ\
\x93\x9b\xac\xb5\xf0\xf1\xc2\x97\xda?\xfb_\x14&r\xf9\
\x8b\x9f\xd9\xf5|.L\x9dZ\xf4\xd6\xf4\x17\xedLH\
[\x8d=#\x94\x0a\xddy\x8deI\xd3\xe1\x131a\
Hu\x85{\x87\xac\x028\xa6U{Hn\xc9\xcf\x07\
\xa7\x8fu\xfcl\x12\x97\xb9\xf9*\x8a\xb1\xabW\xda\xe1\
\x91\x8a\x1b\xc4:\xc4\xd6(\x19\xb5\x1f\x82l[\x7f\x9e\
\x16\x95\x14\xf7\xc0\xa5\x98\xf8\x0e\x81\xb6\xb6C\x89\xf3\xb7\
b\xf4\xbe\xc01\x08\x0d\xa8\xf0\x93\x933\x19\x1d\xa8-\
j+\x8e\xdb\x12\xc5\x88r\x98-\x0e&\x93N\x04\x88\
:\xd0m\xfc\x0b(\x97\x052\x85\x9cV\xde\xedJ\xf4\
\xd1\x97\xe2\xeb\xe2>\xdc.%F\x0e\x81\x88x\xec[\
*\xcaHK\xa5\xf3\xd5.\x9e\xc2\xcaT\xc6\xe3Za\
\xe5\xc1`\xa4\xb5\xe7Dm\xaa\xa8Z#h\xe3\x0b\xcf\
\x11\x5cU\xcb\xea\x1b\x80\x1f\x00\x19\x10w\xc0\x83\xb5\xc3\
\x90M\x1d\x9a+\x82L\x05\x1a\x97o\xe6b\x22T\x1b\
e\xc8\xec\xc9tK\xa9I\xf4\x88]2\x9e\x15\xfaY\
\x1cG\x1fqX@\x067[2\xa2\xb0\xf5ti\x80\
\x88\xe5\xfaY\xcfX\xf6\xfe1\xc7\xdd?\xa4\x1a\x08\xa0\
Xj\xdb\xf2\x03P\xf8\x13\xb4\xb8}\x14\x04'%\xb2\
\xb7\x85L8\xd5\xe8\x95\x94\xdfLXI,\x85Em\
\x96\x0d\xb1v\x15\xc6\x1f\xbc\xc0\xd0']\x98\xa0\xb2p\
t\xfc\xc8\xae\x1a\x8fJ}q\xdeO\x0d+\xae\xe2\x06\
d\xac\xc9\xf3\x80\xa3\x8e\xd2\xc6\x09\x9a\x1auj\x8a=\
\xae\x10\xabk\xdaxs;\x84\x10\xb7r4Xu\xb5\
X\x06i\xa98\x1bW'\xa1\xcb\x10K\xc7\xed\x15\xa7\
\xd4\xbb\xc0\xb8\xe6\xceL\xd8\xda\xfe-\xb4\x05\xebm*\
q\xd5f\xd3w8m\xef\x96o\xb4\x99\x95&\xa7,\
4\x0ad\xe3<\xb9e\x9b\xfb\x10\xb0\xfe\xe8\x84S1\
\xc7u\x1e\x91\x9aS\xa5\xc6\x90vz\xb4R\xd2\x82\xaa\
!)2\xbe\xe8\xe4\x08E\x1b\x00\x14~\x0e\xabN\xec\
\x13{\xbb\x03\x97:\xb8\xec\xde\xd5\xea|tc\xe2\xe9\
 2K\xaa\x97\xe1\x1dS\xe8\xf4\xa3\xa9\x13|\xf2\xcd\
~rRU\xeea\xf8\xa8T\xed\x11\x15\x5cX\xbc7\
e\xbe/\xe9b\xab6h\x8dO\xa1\xf4!1\x0fv\
o)*,\xf0I\xf8\xca7\xb9\x18\x8e:\xd1\x0a\xa0\
fy1\x88\x84\xaaE\xe3\x17Ji\xc1k\xa0T\xd3\
\xd9Ay\xdd\x18!\xeb\xb9\x99\xda\xd1/8\xe5\xc6\xf6\
S\xfb\xc2*~\xe1\x9f\x01M\xad\xcc\xe8\xe3\xc4H\x1d\
*|\xde:\xc8\xf9\xaczg{\x0a2Qi\xdd\x8a\
\x86q\xdf\xfd\xfa;$\xebjI\x8b~[\x99e\xd0\
T\x89\xf73=\xdc\xabJ\x09n\x93\xb5\x08\x89\xa6\xb2\
\xef\x1a\xd4S\xc8\xb9\x923\xe4<H13\x938\x17\
\xfag\xba\x12g\x95R\x1b\x0c%./F(o\xe8\
*W5\xb8\xe0\xb3r\xf2\xb6\xf2\xec\x14\xb4(\xf2\x0a\
8\xe4\x95\x03E\xf5y\xcb\xd8\xd2g\xc8\xfa\x99\xa7\xbe\
\xddl\xfcQ,~f\xe2\xb38\x1aT\x22\x86\xc2t\
\xec\x87^$\x91\x89\xbeO<\xf1\xd4nK\xa9\xac\x9c\
\xc8\x96q\xa8\x11),hMx\xd1\xd7\xc3\xec8\x9a\
\xb9HO!\xa4\x12\xa9\xe7{\xee}8u\xccM\x9f\
b\xbb\x98\xc7\x86\x0a\x8e\xf9\x89[\x03!\x13Q\xbf\x08\
$a\xf9\xe8\xe1\xb8\xa8\xe2\x1a\xba\x97\xc4)`\x8c\xbb\
\xc9\x98\xac\x12\xbfJ\x00gO\xf5k\xbe\xd6\xe1\x18\xb6\
\x8f\x1aw\xd1\x0dc\xee\x8fo\xc5;\xf4\xed\x87\xaf\x94\
P\x22(\xa8\x97YH\xab]-\xa4\xbfU\x98\xe6\x9b\
e\xe3\xf5\x02\xa3\xdf8[p\x0ct\xb6\x14\xd1n\x99\
\x06\x9c\x85x-\xe4\x8a\x1d,*\x07\x8d\xd1[\xf1\x1c\
E\xd3\x9d4Wd\xe5T\xbd\x8b{\x88\xec^\x89\xb1\
\xbd\xfb\xf5\x1b\xda\x1a\xdc\x9b\xcb\x956\xf1\xfcB%\x8f\
\x14\xf1`\x19Z[\x1e\x00\xc3^\xa8\x10W\x1b\xb1X\
\xc5\xea\x1f\xa5~\xbc\x9e\x97\x95\xe1\xaa\xf4\xd8\xa05\x0e\
\x95\xe0vB\xb1\x9e\xe0\xa6(]s\xfaOn\x064\
\x14\x98[\xb0C\xc45\x01@\xc8\x1a\x8f\x9dvp\xb3\
*1\xa3\xc3^2?\xfbZ\x0c\x8c\xd2\x81\xe4\x07\x0d\
\x06\x9b\xea\x96\xaa\x8e\xf7\x03!\x93\xb8\xd4f\xc2p\xb6\
\xbc$\xd3\xde\xc8\xdf\xd2Wr\xd1\x1f\xdd\xec\xfc\x12\x12\
\x91gp\x8d\xfa8\xb7\xc6*-c*\xf9\x04D\x1b\
R\x0e\xaa\xf2\x02\x016\xd9=\xf7\xe8\x04\xf1\x13Y\xe8\
V\xd0I\xb4\x87T\xa0!z\x0eA\x95\x10\xbf\x18\xbf\
B\xe3\x88MG\x05\x1dSE\x01>\x01\xa5)\xb1\x12\
\xaf\x90\x04zH\xff\xb5>\x94\xb3Qa\xfc8\xd6+\
\x97<ac\xeax\xc1\x85\x1c\x8a?G\x9fq\xbb\xe8\
tJg\x14\xda\x8a0\xf6\x1b} \x9a\xd9\x09)\xdd\
\xeb\xd0/\xffB\x16t\x1aK\xe2\xd8\x0a\xe5\xc2\xb3t\
L\xbd\xf7\x12\x95\x18K\xb7:\xb4\x1d6^*\xdf\x99\
TI\xdb\xbdT\xcc\x97\x8a)e3P\xbb)\x05\x7f\
\xe4\x8e[\xee7I\xb1\x0dP\xa0\x1c\x9b\x0c\xdd\xfc\x83\
,\x10\xea\xfd\xff&\x8dd\xb0\xda\xc6\x11\xbb\x0e\xd9\x8f\
ct\x82\xf4\xc6\xd2\xbf\x13d\xc2VL\xa2|\x9c\x89\
K\xc5\x8f\x05\xa1\x05\xa2+\xf4\x22cn\xe3\xe3\xda>\
\x1cC\x0c\xd4\xf6\x82\xfe\x13t#\x07\xcb\xc6\xa9L/\
\xe5a\xa7\x1d\xfd\x04/\x90\x940z\xcb.5\x13G\
E\x82\x93k&\xe3r\x9b\x82\xe4>\xf4\xf7\x96b\xd3\
O\x8f\xd2\xbewjJ\x1fq\xf4$\x98T\xa9\xd6c\
%\xf0\x8b\xb2\xfb\xbc\xaf\xd2\xa2\xb2\x15\xa5rq\x1b\x93\
P\xd2\x80\xdaU(\x97\x15\xfb\x94(\xf9G\xbc`\xa7\
\x00P\x03\x17\xf7\xcf\x85\xcc\xf2\xcb\xaa\xa4|\xeaZ)\
\xf2\x00\xdc\x02$\x05B\x12\xberr6H\xbd\xf2\x1e\
9\x11\x08@\xc8\xbcD~\xec\x0adfc0\x8e\x18\
\x05g\x92\xabQ\xd7N<`#jKtT^\xd7\
~T\x1a\xcei\x01C-\xa4\x13P;\xed\xec\xb4\x82\
\xbf\xdco\xf2\xff:\x89\x84\x7fW$\xa8\x07\xdc\x0f<\
\xe5\x9c\xe9\xa56\x14m^k\x5c\x87RD\xb3\x92D\
)VX\x223\x5c9\xe7\xc7\xc0\xc3\x15\x0c\x22\xd7n\
\x16\xfb\xb4h\x85<S&\x10\x11\xfdOp\xbc&0\
\xb8\x05\x05\xdd\xbb\xb8\x9a\x9c\xca\x1cI2\x15&\xac[\
%\x91\x9c\x8f>\x81\x887\x90\x8a\xe8=.Z\x0f}\
\xad(d\xe7\xe9\xf7\x8cJ~{\xb9\xc6\xb7\xd3\x98\xa4\
Te\xe5h\xab\xb6\xaf\xd3\x88\x82p$b\xb0\xcc\xb3\
\xd4g\x95I\x02\xd6\x8a\x17\xbaX\xff\xc2\xfc\xf1\xec\xee\
fZ1\xdem\xdf\x9a\x0d\x83\xd1\xc0\xf7\xa5\xd0\xf4^\
@{*xVQ\x13\xc8\xf6\xaeH>\x5cm\xffx\
\xd0\x94m\x9f\x93\xe7\x0b\xc7\x9c\xd2X\x93\x8a\x9ahA\
\x1cL\x8a\x8d\xc8-\xb3\xb9n\xb2\xd5\xeew\xea\xc9\x06\
x\xd7V\xe3\xb1j\xbd\xdf2\x059\x0f\x0c#{\x99\
M\x83\x88MO\x9e\xe1\x8b\xb6\xb8\xbd\xf8\xf5_\x9b\x02\
\x95\x83\xaf\x9ae\x95\xf4\x1e\x9f\xce\x0eM\x89\xad\xedl\
L\xce{\xf0\xc1v\xf6\xbc\xc9t[\xd6k\x0b`\xcf\
q6n\x9e?\xd8\xf7\xad\xe8s\xb54\x98\xdbW\xef\
\x1f\xa7~\xcfW\xfcb~\x89>\xba\xdb\x05}\x95\xd1\
n&\xa69\xb2\xe4lG\x95\xca\xb3?-\x1d\xe1u\
g^Ky\xf9\x0fT\xf0_\xbb.3\x119k\xeb\
D\x8b2\x0a\xd0\xc6\xad\xda\xd2\x9e\x85\x03\xfb\x89\xec\x03\
\x05\x90\xc3\xdb\xc5\xe3V(/{\x87*\x16\x87\xf1\xbd\
\x95\xe6Y:)\xcel^\xc8r\xbb\xaf\xdb\xad\x5c\x8d\
\x89\x02\xc8\x9c\xb0c\xde\xe0%\xab\xcc\x01\xf5Vf\x9b\
Cb\xb1K\x1f\x89\x98\x09\xfd\xb6\xa5\xb2MV\x97^\
\xb6\xd8\xbf\x03\xd3\x1a\x96-\xc7\x8dE%q\x89\x19\xa4\
k\xa2~N\xbb\xd9)H\xa0O\x87\xfd\xa2\x9bN4\
y\x1e\xed\x0c.\xc6c\xb2\x9e[\xa8V\xd7\xd7\x92\x11\
K\x14\x98i\xea\x5c\xcb5h \xa79\xd3\x90\x86\x9c\
\x94\xa3\x90^\x15}\xfd\xf8\x889\xc4&X\xe5I\xdf\
\xdc*>Bz\xa6\xa6T\xb5\x1cf\x0c\xc7\xc2o:\
\xad\xcb\xae\x17\x15Vme\x8dy\xb0P\xf11\xba\xc5\
\xe5\xbbU\xd0\xd7t&\xbb\xde\x02\x12\xd5l\x08\x82\x1c\
2\xfdm_K\xa9\x94\xe48;/ST\xa8\x17\x88\
-s\x8e\x8b|,.\x15P\xcb\xb5S\x07\xdb\xb5\xd9\
\xafe\xfby\xe7\x84uzW56\x15\xa1\xfbO~\
\xfb5`\x9cb\xef\x13\xc7\x1cAr<\xb4<\xa2\xb9\
5\x8c\xf2\x9a\xe7\xc7\x0a_\x8dYd\x0c\xcd\x02\xf1\xf5\
9m'\xc3\xc2\xd5;\xd8\xbd\xc1\x89\xcd\xd2\xdf\x95\xfb\
S\x8c4P\x9b-\xb0*m\xb0\xc93\x04\x17\x032\
&%\x0b8'\xc8\x87Q\xa6dB1\xcaE\xc6X\
.x\xbf\xa0\xafy\xe3K\xa8\xdfZ%p\x1dR/\
\xb5\x97\x96\x15\x14\xb5w\x08l\xf6\xa6H\xae\xaa\xaf\x9b\
\xd9\x05E\x15\x93\x89\x1d\xed\xfczB5\xf8[\xa3\xa5\
\xeb`\x11\xf1\xdc\xf2\xb8\x97\xdb\x9f\xbc\x89W?b\xe6\
\x9c\xd7*F\xc7\xba\xf7\xa6\xe5\x19\xde\xd7\xe1\xfbX\xb6\
\xd71@\xbf\xb9P\x01\xcc>\xb1l\xda\x9b\x88r\xab\
\xb0\xdc\xd3\x8a\xdc\xe4\xfec\xe3\xdf\x12\xda7\x8cMw\
\xf3\xe4V$u\xb0R!Y~F\xc3wE\xd3\x13\
\x92t\xcc\xdb\xa6\xd99\xa7\xf5\xfc4M{\xe4\xde'\
[\x97\x5c\xfcy\xcb^S\xa5W\x0b'\x81a\xbe\xff\
\x02B\xdb\xea\xda\x18\x93\xd4\xfc`\x8f\x84\xd8\x86\x03\xee\
\xdeb4\xfa\x10\xd03\xa0\xeeR\xd3m\x8b\x92\xb2\x0b\
*\x94\x14\x9d;$\x96\x22\xe5\xd8\xe8\xee^\xe9\xf7g\
Xb\x01\x19\xbb\xca\x1f#\x1a\xb2\x85\xdc\xca\x9e\x11\x80\
P\xd8LR\x890s\xb6C\x1d\xb3y\xabIO\x8d\
\xf2\xc8\x0cFK\xdde\x92\x98\xa4\xd8'\xd2\xb7\xb8\x09\
\xc4\x9e\xd1}F\x9fL;\xc3\x5c\x99:l-\xf4q\
%\xec\xa1P\xa1\xe6\xa5\x8f\xdeD\xb0\xff\xf9\xe8\x14\x00\
\xa5\xb7\xbf\xe0\x0bVZ\xb7\xa0\xbai\xa4R\xbb+\xca\
\xf6\x17\xc9!2\xa0@mns\x95:U\xa5\xe9\x15\
\x1f\xfaw\x86bP\xfb\xdd\x8b<\x89\xab8\xd7\xa2\x13\
\xc5\x12\x99 \xdb\xf27\xd5h\xcexj\xad\xf8V\xcb\
`-,X\xc7q\xab\xc6\xb7\xde\xb6\x13\x93\xab\x15\xa6\
\xd5\x89iR\x13\xa4\xd0\x92\xd2\x9c\x9a6\x15\xdc\xf4\x0c\
V\x94Z\xf8j\xe5\xd4\xaa\x8a\x0bu\x5c\x0dTQu\
\xab\xc2\xf2\x95\x85\x84\xcb\xf4\x0f\x9a$-o\x09F\x19\
\xa3\xecFG&\x92\xe3yW\x9fM\x12\x89M\x90\x88\
\xc5\xa2\xcf2\x025y+\xeb\xc8(W:\xaa\xb6\x12\
\x98\xde\xa61\xdc\xeey\x06\xcaCL=V)\xb7\xcb\
R\xcd\xf7\xda'\x09\x08+\xe9+\xc2\xa35\x0b\xea\x95\
\x0eO+\x17\x05\x98\x92\xb7%\xfe6_D\xdb`\xf2\
/SYW\xb3<\x89\xc1B\xd6\x0e_T8\x8c/\
L\x19\xb68<6\x81E\x09\x8b6\x8e\xed\x01o\xa9\
\x22`\x8c\x17\xb3GL\xa9\xee\xe8\xabs\x83\xa5\xea\xca\
1\xb4\xc2Zv\xafe\xdb\xac\xa1\xc8\xa1jCm\x22\
\xe4\x87\xa9`\xce\xac\xef\xbd\xd0u\xb41gc-\x0c\
\xfax\x15\x08\xe5\xc4e7\xc1`\xefJ\xb2+\xd9T\
\x856Sm\xea\xa1%`\xb1\x0dE\xd3\x0a\xad\x94\xfa\
%H\xa24\x98\x8a\x94V\x00\xcc\xb9\xea\x81Q\xa5\xff\
\xb9\x9a\xb9\xecH(\xdf\x0b>f\xf7;\x1b\x18\xf4\xc8\
L_\x96\xe38\xfd\xb8lu\xfe;\xfaT\xbcP \
B2\xe3E\xd0\x82F\xaf\x1a\xa5\x1c\xdf\xb9=\xf8\x8a\
\xa7\xcb\x0a5\xf2\xd1M\xce2\xf3\x89G\x19\x99\xe6\x95\
\xa0\xf1+\x11\xc5:d1\x0eB'\x11\x04\xd4\xe2;\
\x8fa\xbc#7!-\x17\x15\xb8\x15z\xbad\xd0}\
4\x8a4BS\x14Y\xe3\xd5\xfat\x93\xb2\x85%\x14\
z\x92\xe3\x1aG\xc1J\x1b\xa6\xfdAm\xe6\x95\xf5\xe8\
VB\x87\x8c4$\xa9E\xca\x0bB\xba7\xdbCQ\
cP?\xe7\x9dXW>7\xa6P\xc7^\xa9\xb8\xdb\
\x81/\xb5\x0c\xae\x08QS\xd6YL\xfa\x8b8Vk\
\x88\xacs\xd0-CJ\xd3\xe1#\xd6\xc0\xa5=\xaf`\
J\xd7mJ\x7f\xa8\x9a &X\xcd\xe1X)\xff\xd6\
x:\xb2\x90\x9b:\xcc\x85)\xa0]\xa8\x80\x89Bb\
'\xb4\xe4\xff\xe3\xc2\xff\xfc\x8e\xc2\x5c+X\xa9\x84\xb7\
\xc2\xbf\x81\x8c>^\xb8\x09\xad-P\xc8\xc5\xe3\xbb\xb1\
E\xd1B+i\xd75\xab@2\xd3\xab\x1c\x7f\xcfw\
&\xeb\xb82\xbd\xa8D\xfc\xce\xe4\xa8\x91\xa9\xaf\xd4\xaf\
>\x88\xf9'l\xad\xbe\xa1q\x84\xc0\xd6\x9d\x80\xca\xfc\
\x06\xadt\xce\xa8\xe0\xa9`V\xc11\xbe\xf5\x95\x13\xaf\
\x05\xc7\x9cm\xdc\xa6_II8\x13\xa8\x05\xfb\xea\xe7\
\x1c%\xfbZ<m\x0a\xb5z\x22\x93\xcd\xbdW\x053\
\x8d1H\x05zqL\xe2\xf4\x80\x8f%\xd0<z\xec\
\x93\xab\xb2\xed\x97\xf5+*\x0a=I\x07\xde\xa8\x995\
}^\xb2\xe2|\xbf\xe5ml\xb75\xad\xe0V\xe6\x97\
\x0f\xd9\xe6j\x02\x14\x9a\x94k\xd0\xe2\xe0\xb91eA\
\x8bJ\xa8\x9ay6n\x0c\xa0\xbdD\xccL}\xd6\xbd\
\xdcl+\xe8\xf6Z'>\xcbM4l\xca\xa70E\
\xda\xc6ZJ{gf\xa6\xdd\xc3U\xad\xae-\x05b\
\xe0\xa2y-\x05\x85\xf2s;xH\xe4_\xa9\xb5l\
\xd4\xb8@S\x92\xa0dL\xa9\xca[\x11\x00\xca\xe1\xd2\
\x179\xfb\xb3\x15\xd2Yzu\xdbq-\xa5\xe6.\xa1\
\xbd#~6p,\xd7\x00\xb7\x89\xe3=\xaeu\x1a$\
\xf2\x9fk\xb3\xc4y\xd5I\x06\xc3\xe3X\xb2\xc6\xe4\xc1\
\xf6\xe6A\xd1\xfc\xbe9\xd7\xc6\xd6^\xc5pQUW\
\x85\xee\x00\xae\xbe\xe7\xdb\xfa\x98ye\x08\xad;p\xa5\
\xb0\x11H#\x0a\xf5\xf0\xc8\x0a\xd5\xab\xa0\x91\xc8<x\
\xb8^j4\x97O\xa3\x10\x02RM\xc9\xe2\xc6\x10\x85\
\x10\xa7\xa2J\xab\xcb\xa3\x891K\xb5\xcf\x9f\xcbv\x16\
~\x1f\xb7\x8b\xceG\x09\xaa\x93\x8c\xc6hoA\x12#\
\x96\x97#\xba\x0aPl\xfeO\xfd(\xb6rW\xa6\x93\
\xd5\xe1`{\x85B\x0b\x85\x0b.\xc7\xda\x0b7\xf9\xa1\
\xb4\x02r\xc6\xb0\xb1\xb4RI\xcb\xc0<6\xc5\xfd\xa3\
~\x99\xdb\xfc\xe7\xa1\x1c\x88\xbc\x0a`k\x93\xdeA\x93\
\xd6\xae\x0b\x9e\xd550\xc7 \xe4P\x82{\xa7\xd0\xac\
\xdeP\xd3\xa2\xb2\x14\x8d/(o+'H\x1fm\xa3\
\xf2\x8e\xf5\xb3I}\xdf\x18\xab\x83Kl9\x06\x05\x9d\
\xe6\xf0\x91\x90~2\x15\xf1\xb9~\x9ex\x18Z\xd5\xec\
\xf7\x99\xbbxv\xbb\xab\x84\xf5\xde\xf4(\xc0\xbaO7\
E\xbe=\xd6>\xcd\xcd\x5c<o\x13\xd7%Q\x90\xa4\
\xc1\xfa\xce\x1a\x01\x90k\x9f?\xcb!\xb5o\x1c\x11 \
\x00\xa0mW\xb4\xd9\xa1X\x16t\x19\x8c=!\xd8\x84\
\x0eWuy\xdb\xdb\x86\x9bJ\x1e1;\xa8\xcf\xb0\x97\
\xcf\xb2\x9b\xd0i\xc5K\xf6\xd5\x90VU\xb0\xb7g\x07\
a=*y\xd0\xd2J\xf8\xd3\xac\xf3\xc5R\xcf\xb6(\
\xc5\x00\x05y\xe3\x98$\xd7@\x0f\xbb\xa9LY\xe8%\
\x93\x17\x93\xf6\x96V\xe4\x9d\xf6VT\x93#\x9c\xc2@\
\x1f\x22\xeax\xab\xe8T9\xf1\x8b\xb8\x01\xae\x88\x0fg\
\x80T{\xb4\xed%\x80:\xe4\x1c\xaa(l7%p\
ET\xde:\xd3ZC\xd8D\xb5cJ]Fbv\
t3\xe6\xd0\x18\xfd\xac\xcd\xdd\x22\x9a2\x96\x8e\x15\x5c\
b\x09H\x88t\x8a\x1c+\x80L~\x87\xfc\x97\x9a\xd7\
\xc6\x8d\x92\x83\xaf\x0c\x7fN\x8d\xb4<\x0c\xc6xJ\xdc\
<\xb3\xd9\x87c\x8b\x06\xcd\xb4(V\x1c\xaa=\xac\x05\
\xdd=\xfdt4=|\xf4\xc2\xc6\xd9\xfc\x15\xfd[\xa0\
\xb2-\x11s\xd7*\xc1\xae\xaf#{\x7fA*/\xdc\
\x08m*Vf\x9c\xe7\xc0>\x0aD\x83\xe5dt[\
JX\xfa\xebB\xf5\x9d\xa3':Z\xf9.\xf8\x06i\
\x08Z+h\x90\x01]/\x92w\x07\x9bh\xbeZ\x89\
\xa3.w{qI\xdc\xe0:\xca\x80?\xc0\xd0\x13\xdf\
/\xfb{Y\xe1e\x8d\xc6\xfbG\xa7\xb1\xbc\xb8\xf4\xf5\
9\x84\x98\x98X\xad\xd2v\x88%Y\x03k\xd3\xa2\x0f\
\x98\x00\x99\xdd\x82q\x8b\x08\x96>[\x82e\xe2\x0b\xcb\
\x980)9\xaf\x08\x0fm\xd5m},hlFO\
\xbb\xf8|\x8e\xd2#\x15\xc0\xf9B\x0e[VV\xf3\xf0\
!\xf3\x8c\xdf5\xcb~\xb0\xd4\x0e5D\xa3(\xc8k\
p}\xad\x08\xc2rY\xb0\xd6\xcaE\x9fke\xe3P\
V-\xdek\x1a\xc8\xf8\xf9LPT=Y\xf6\xbb\x1c\
\x8bb7\xac\xc0\xf0J\xe3[Z97\xdc\x95e\xe5\
\x97n%(\x91\xa8l\xb9,\xb7\x0a\x9dt\xa9\x92\xcc\
\xc7R\xc7=x\xb41\x16\x7frZ\x83*\xdd9%\
\x852qdS\x8a\xa6 r\x93\xccip/g\x84\
\xa9\x94\x05\x5c\xaa*\x06\xb9m\x97\xa25\x04i\x94\xe3\
\xeb\xe3\x1e\x0aJVs]m@\xfd\xbdJ\xb0\x90w\
O\x85\x0a9\xb66\x0d\xd61\xfeU\xf2\xb7\x22\x1f\x84\
g\xd4~\xb1\xc2\x05\xf7yI?\x86\xa5\xeb\xe0\x9d\xc9\
w\xb6\x81%\x99pN\xfb\x14m\xb6\xe8\xef\x88r\xc5\
\x96%=\x98\x0a\xcb\xb2}~AD\xb0\x80\x8d\xa1L\
\x18\xc0\x1f\x14\xe2'\x9b\xe66Pvp\xc2*\xcb\xbd\
\x98\x074=\x9e\x05A1\x90\xd4B\xd3%?A\xef\
Cn\x8b\x8c\x91\xb6\xdb\xa5\xa7SS\xcaIp\x81\xdf\
2$\x85\x98\xcd\xdaY\xd9\xa6:d\xc6\x18\xac\x8f\xd8\
\xa7\xb2\xff\xe5\x1f\xe5\xb1\xab$\xb4CA\xb5\xa4\xb0D\
)\x99\xcaz\x0a\x91\x1bvI\x83&f\x89l)w\
\xdeC*\xfc/5Y\x19\xa1\x0e\x80\xac\xe8\x0e\xc9\x93\
V\xc6\xe1G\x83\x1b2\x98\xdc\xc7\x86\x93M\x0a\xe4 \
\xadt\xa9\xb5\xbe\xef\xa6\x84\xf34\x15\xa1\x9e\xdaR\x9b\
\x1enTsU\x5c]gc\x98\x82\xe7\x1d\xa4p\x03\
\xeb\x7f\xcb8\xa10=T\x11W\xf7n\xb5\x08\xc7i\
Z2k\xa7\xf7\x0b\xea\xa4S\x0dj\x17\xcc\x81'\x0c\
\xef\xf2\xff)\xbbH]\xa4\xf6\xa2O:\xa5\x93\xd3\x9a\
\xe2\x89\xab/\xd3\x95\x84>:\x84\x5c\x0b\x8c|&M\
\x95\xa3t\x96Y\xdeEE+c\xe9&\x87\xda\xace\
%\x13\xb3\xbe\xdf\x10\xa9^\xab\xea\xef\x0b\xdd\x00o%\
\x16#.|\xdd/1I\x1bt\x18\xadX\x1a\xe2\x82\
Kj\xf0-\xcb\xd3\xbeY\xfd\x00\xba\xf8\xd0,\x89\xa9\
k,\x9c\x8fG\xea3\x18\xdc\xb2D\xc7[X\x95\xe0\
\xda>\xb6\x0aJ\xc2\xba\x8d\xdf\x9eM\xbcAU\x93K\
\xed0\xf1\xb8z&\xf0L\xeb|\x0b\xc2\x12\x15\x98/\
\xec:\xd4\x13\xd7\x8f\x88\xc2*;\xd6\xcc\xba \x83b\
\x9b>\xda\xe9\xc2\xda\xc2\xde\xc79\x14P\xaehI%\
\x90j:\x16\xf79j\x8b\xb6\xc8\x03\xa9[:\xc1\x9e\
\xe4\xda2\x83y\xb5\x18\xccS\xc2\xc3\xef~\x98\xb7e\
;8\x1a\x170\xd5\x04\x87\x92\xb7X\xbd\xf0\xf4\xf7\xc9\
1rE\x9eP5\x0d\xb4\x1a\x82G\x08^\x83z\x84\
T\xa2\x91\xbaZQ\x1e\xd6\x07\xc0+\x1ag\xde\xb8\xf1\
\x22\xbfO\xd99^\xa5\x19\x99\xda*%Z]v\xef\
\xb2\xc1\xf0R\xdc\xad\xcdW\xfe\x85\x1a?\x14\x08\xb4\x92\
Y\xb2\x1a\xe6\x03\xd6\x8aa\x94\x89Qv\xc3\xe8\xa2\xed\
\xeeo\x0a\x159#[\xa5\x98\x1b5`\x151o\x19\
\xd8\xfcF\x19\x0b:1q\xab\xf1\xed\x99@\xa2\x03\x95\
 \xb5\xdd\xe7\x19\xae\x94:E\xfbZ\x01[z\x8d\x95\
\xe0IS\x92\xc2O\x8b\xad\xef\xaf\xf5\xed\xa7\xca\x91\xc3\
\xfe\x0ej_\xdfj\xa1\x82\x11Hh\xa4\xb6\x9cu\xa0\
-\xc9\xdb\xff\x12\xa0)\xac\x0a\xb9\xc8\xd0P\xd6\x1a\xde\
\xd5$\xd2\xdf\xc5\xc1\x08\x09\x87\xed\x03S\xeb\xe7]\x97\
\xec{9\x90\x8aM\xc8\xbf\xb3\xa2;\x0bb\x11F\xae\
#Cj-Y4\x5c\x05H\x99\xe6\xdc\x8f\x8d\xa9\x16\
=PD;\xc2\xf0F\xbdY|T\xcc'\x12\xf3E\
\xcd\x9f\xdc3\xf6\xf4\xb2\xe6\x15\xa1\xe6^0\xba\x89\xaf\
+^\x0e\x95x]\xc6\x04\xcb\xfb\xe8\x85\x07y^\x11\
*U\x86\xd2\x18\xe0\x94\xabo\xad\xcdh\xe5e*[\
\xe5+\xa9$\x9cy\xd8\x1d\x11\x00 \x12\x9cy\x98\xce\
\xb7\x8b\x8e_sO\x0b\xbf\x97\xb7\xcd\x04\xaaB\xb2\xac\
\xda}\xadi\xeb\xb8\xd2<\xf9\x956\x22K\x0eaa\
G\x15\xaa\x801u{rW\xaaT|\x1b\x5c\xf2~\
_\xa2\xb3\xf4M\xbc\xfd\xa9mQ;\xcdE\x1f\xe0&\
M;\xa3-\x1c\x1c\xb0\x8dN\xc5\xce=Aa\x05=\
3Z O#\x9bf2\xd7\xcb\xfb\x9d\xd9\xe3$\x07\
gA\xa3\xcc\xda\x9a\xa6~\x95B\xc6E\x86<\xfd\xea\
\x19P\xe0wk\xcf\xc7\x98\xc4\xac\x9eC9\x81\xb9\x98\
\x0f&(\x04M\xa9H#\xe8\xae\x18y\xb5E\xd3\xf9\
\xfc\x11\xde\xa9\xd6\xde\xfa,\xef\xd5\xfe\xdb\xf1\xd3\x05m\
\xd4 S\xb0Ve[\xaa\xdf-S\xdb\xaf\x02\xc1v\
i\x16\xec\xafy\x00\xea\xd6\xf5)\x94}b}\xe9\xac\
\xf6[\xfe\xa20\xcdK7'\xae\xfc\xfd\xe8'U\xcc\
q%;\xb0\xcc\xafPy+KDoR\x5c\xf6\xcf\
\xc3\xfa\xddN\xcc\x98\x89\xed\x96\x11\xfc \x16\xc9\x17\xca\
&\x1b\xd3(\x0f2*\x1a\xc3\xf0\x16+3\x01\xa4\x9a\
k\xac\xa2\x9bK\x8a%\x85\xb2QD\x1ez\xca \xb8\
\xbf\x1a\x86*\xb1\xdc\x8e\xb6\xfc\x9b\xc1?2fV\xcd\
\xe1\x9et\xb1\xec\xb5v\xd0F\xa1\x0eN2$\xe3\xdb\
\xad\xb1\x00\x80C\x5c\x95\xb6\xaam(E\x19T\x9a\x13\
c\xeb\xa5\x96`/U\x94p\x8b\xd1T\x9bU\xccT\
\x8f\xb7\x8c\xbe\x8a7\xfa\x0d\x97\xe71\x86\xf5\xcc\x81I\
j\xf1\x7f\xcb8v|+(\xd2\xa3\x073\xf0\xd4:\
&\xcf&\xe6\xb53\x9fJ\xa5\x94\xaa%\xf0\xf1J(\
\xbdlnP\x85\xb7\xfd\x16\x5c\xa5\xb4\x107k\x0dr\
\x17\x9dVJ\x841hgA#\xf6\xa2b\x9d\x9d\xfa\
\x0f{k'\x96\xecj+\x14\x85'\xac\xfc\xe4\x9fb\
%jI\x19\x95\xc70\xdb\xbbM\x13%\xa9\xcd,\xc7\
\x10\x0c\xde\x06\x86-\xce\xb4\x17\x9a\x90D\xfa\x0a\xb4C\
\x15\xc5h\xf9\xeb\xea\xe5AUh\xcc\x15;;M\xce\
\xfd\x99\xdf\x93\x88\x10\xca\xc4-\x850\xd3\xc1+&Y\
a\xfc\xb0i\xa8R\x0c\xb9A\xf2\x93]\x9e'@\xb2\
\xd2Ic<ol\xb5\xb4\xeew\xf9\xfc\xe4\xdd\xc5\x04\
1\xbe)\x86W\x12x\xb0\xdb\x10V\x087\xf7\x0e\xa6\
b\x1axvO\xcf\xe5L=\x94\xea5\xc1\x5c\x89(\
\x83\x18\x99~\xd9<\xf5Y\xab\x943S\xbdr\x0a\x90\
\xa1-\xa7\x06<\x0a\x14$X\xf3j\x9b\x80l\xc7\x92\
\x15\xad3\x9a%\xe6K\x98\x9d\x22\xe9\x0bt]\xbb~\
N\x1ef\xd7Q\xcf\x00~\xff\xa1\x0f3v\xec\xa2<\
\x08\xb4\xf6+\x16\xb0G\x06[\xbc\xa5\xe4\xf8\xbbB$\
:\xfc}\x9a\xdc\x22\xd1X\x06\xb8\xabI\x08!\x10n\
\xbc\xa2\xdbp\xab:\xea\xe8\xf1B\xedx\x86\xad'\xbd\
\x0c\x8fj\x1bKJ\xe9\xf7\x9c\x17\xcf\x12\x99D\xd0\xe9\
+\x02\x9c\x8d\x8b\x0b\xd8\x9c\xc6\xafX\x97'\xfb\xe0a\
\xa9\xf6K\x96\xce\x84w\xeaV\xf7c\xca\x22\xbc\x1b\xd8\
\x0a9\x1d\xbd\x1d\xcas\xb3\xd0v\xed\x99\xcf\xbd\x08^\
\xaaaH\xdf\x89\xc2\x85\xe0\xe4\xca\xbe3_\xe7Xk\
\xedl`11\xa9C\x18\xd2\x0f.\xd0Ck\x80Q\
\xdeo\x88\xc7)\xb2~\xf42\x101~a\x13\xbf}\
I\xee6\xad\x16\x09\x0d\xcdb)q\xa0*\x0eV\x0e\
\xb0`\x19\x954l\xaa\xcf\x87\xb1\xa2\x9a\x90>\xbe\xa0\
\x1f\x0cS\x9a\x9a$$\xd7\x0e\xa9\x88\x8b\x01\xe0bj\
Xx+9$R1+W\xd3\x8f\xcdb\xd3\x9f\x8a\
v\x94\xe3\xa0\x1d\xd0j\xfdV'\x83[\x5c9\xa2D\
\x9b\x18\x9d=\xdb\xd4,\xe7\xd7\xb5\xdd\x86#Jy\xdf\
\xb5\xc5n\x86\xe9\xd8zD\xa7\x1f\x0d\xf1\xa9\xd1\xa0\xc7\
c[:7?\xa6~\x85\xa2\x18M\xb6lR:#\
*\xbf\x92\x8d\x7f\xbf\xa9\xd4\xc6\x042\xa6-\xa1Zl\
^\x82m\x8bv\xf4\xd6U ]\x9dB\x05\x1b\xad\xbe\
~K\x89v\x16_\xc9&\x89\xadk\xa4l\xbc\xa7<\
\xad\x03\x0c\xb4\x14\x0d\x9c7\xc0A\x0b\x82\xc4\xd1\x11\xea\
\x17\x98\x5c\xab\x8c\xa7zO\xc2\x18e\xdcU\x00e$\
6\xf8j{\xcd\x85AY\x19\xdbNy\xcc\x9d\x91\xc9\
\xef#p4N\xd9\x137\xa59*%\xb3\xce\xd9j\
\x1bgI\xb7\x0a\x8c\xe6\xd9h\x0e.M;\xc1~j\
;1@\xe6\x9b\x10\xad\xe5\x87\xa34Y\xc8\xd1\xda\x89\
C\x81\x5c}\xf4\xbcvD\x85\x94\x0b\x8e*\x87\xac%\
\xfd\xbd=irT\x06\x9e\x0b\x1eb\x94\xcf\xb4\xab.\
\xb7\xea\x0a\x93y\xba\x14[\xe0Z{\x13r\x1ftC\
\x98\xcd\x7f\xef\x8b \x0d\x0d\xf6\x9d(\xcd\x85\xc4\x06e\
\x92\xad\x02\x81\x14dd\xf7\xff\x12\xa4p\xd5\x0e\xdfe\
/\x04\x0b\x9er\xff\xeb\x1b\x92+\xd7\x0aTR\x8d\x9a\
Nz\xaf\xaa\x0d\xee\x93\xf7g\xd4\xab\x13\x9e\xbe\xdau\
\x8fh\xc8\x09.\xe3\x19\x99F\x85\xe0&8K\xcd\x04\
\x82:-\xb7\x86\xa6\x88s\x22\xf4>\xa5\xf0G\xf8(\
&U\x95\xd9\x83.\x0df\x14\xce\xdb2c\xb0\x83\x99\
:\xefY_\x226N\x1f\xd3\x5ch\xe2:#\x1a\xc7\
\x11\xdbo\x5c\xf1I3\xb4=\x06%8C^\x02\x80\
(\xfc<\x06\xa5\xf2\xb3\xb69E\x04\x97[s\xf7\x94\
\xde\x0a\xe4\xb2\x15'\xbb\xbf\x08+u2\xd1\xa2\xc7*\
\xb3\xc7\x99\x1fZ\x87\xefjf\x1b9!<\xaaP+\
a\xb3 \x8e\xd21km\x00\xfb\xef>D\xd9\xde\xa1\
|G2~\x82.\xa0\x9a^\x22\xd1JE+\x1f\x82\
c\x89>\xf4\x18\x9f\x9a\x05\xab\x10\xb5\xdbf\xd7\x1d\x85\
D\x02d\xe7\x08\xbb\x89np\xde\x10o\xcc<ef\
\x9b\x7f}\x9f0\x9b~\x96\x8e\x0eU~\x97[f-\
\xe8\x0f\xa8}\xcf\x8e\xfe\xb2ZUf\x12\xf2\xb6\xad\xdb\
@G\xd6\xde\xadXRi\x04t\xc5\xb9\xcf\xdd\xad\x0b\
^\xb4h\xe3\x1c\xa3i\xba\xa3h\xc4T&3;\xac\
\xef*\x8f\xf3\xdeHn@\xddF\x00\x14>)\xff\xa1\
@QJA\x86FI\xfa\xcb.\xdf\x5c\x91U\xb5\x96\
\xd0T}wh\x08@i\xf6B\xb4\xeb6p\xad\xa2\
\x99X\x0c\x9a,\xa7\x95\xda\xc4\xbfs\x0cF+\xed\x13\
\xd4$*y\xc5\xefo\xf0\xa2\x82\xf5\x087\xcf\xe6~\
\x9f\x04\xd5/\xd0\xcf\xa6\x0dmsR{\xe5\xde\x91\xce\
\xd8R\x19\xbb\x1du7\xden\xc0\xf2\xdev\xac}\xbf\
\xfbQ\xa0\x0d\xb8\xc9\xcdE\xbb\x18\x80_M\xb14\xf6\
e\xaf\x8a\xed\x1c\xc52(\xe9\x0d\x82\x8eM\xb89\x01\
\xe7H\xa2\xfd\xf1\x827\x7f'\xd7\xde\xc8\x85\xc8\x00\x8a\
\xff\x1b2\xaf\x97\xb4\xfb*UW\x82p{\x0d\x1d\x15\
*\xab\x874[(n\xbb\xae\x97rI\x09\xb3ir\
\x99\x80\xa2\xac\xc4$\x10e\xad\x10C\xf4\x1de\xed\xed\
\x9cc\x925E\x046#\xe7\xadw\x01=\x05|\xb7\
^\xa7\x00\x0b\x83r\x02\x04d~3q\xda\xdc$\x0b\
\xd1Un\x81\x92\x84\xc6\xd0\xadU\x04\xd9\xf6<\xae\xb8\
u6u\x90\xd4bB\x8b>\xa9\xc6\xd4?\x92\x87\xb4\
\xc2\xb8~\x05\xda\x83#\xf5\x12{D\xedm\xd4rp\
\xfb\xb42\xd1\xcb\xef\xc4\xf4\xa1\xc6~o\xbc\xc4\x9c\x0b\
\x9a!\x92\xe9/\xe6W\xba7\xfaz\x94\xa3\xc5_d\
\x93\x93|\x1b\xc6\xe2\xd6\xba\xe9N+0\xa1\xd0\xe62\
\xe7\xd4#R\xc4\x05\x90\xc5\xd6\xbbiE\xe0\xd2&.\
l\x0dO}\xd6S\x9c\xdc/\x16z\xcd\x8e\xdf\x1c\x0a\
\xb5}\x14\x16\x1f\xd16\xbd\xaco~\xf7rK\x08\xd7\
\xfd)>\xb2\x9b_}\xd5\x87\xb6\xd3N\x8f\xee{G\
\x1fB\x88D\xf5\x91N\xdaQg\xcbz\xbbV\xda\x94\
'\x9ei\x0fv6v\xd52\x1f'\xe06<\x08\xbd\
\x8c\xf4}\x06\x0c%\xf1\xfa\xa1\x05*>\xb5T\x9b3\
y\xfc\x1d\x22\x16\x0b4\x5c\x982\xdbZ\x0a\x00\xabK\
\xa6\xa6UJ5P\xb7\xdfqKe\xee\xe8\x15\xbf\x07\
\x9b\xdc\x04\xd0X\x8ez\x8c\xb8o+M\xf7\xb9\xe1u\
\xe8\xd3CQ\xf11\xe8\x7fj\x999\x0aV\x83M\xc2\
\x18\xda\xce6\x85\xfa\x11\xcf_-\xc2e=m\xfa\xc0\
\xa6tJpmgxF\xb7\x18\x8a\x027\x14\xbcS\
*\x95\x16\x09\xddf\xa3\x92N.o\x03\x99&/\x03\
\xafJ\xde\x14An\xc2-?%\x07\xb8\x10U]\xf5\
\xfc\x5c\x11\xbb\x0fI\x03\xc6\xd1]5\x90H\x0a\xdb\xf2\
\xcbY\xd0\x07;\x07E9\xc8\x5c\x10\x81\x8a\x99\xe3\xf7\
\x01\x88\x84\xf0\x8e\x19*\xa9^\xb4\x89\x0a\x86gW\xa7\
{\x80\x1dsAy\x1f\x0cJ\x9a\xa92\xa5\xea2\xe6\
o^\xd3\xb8>\xb6\x09I\xfd+\xeb\x07q\xb9\xffc\
`ni\x16\xbf)H\xe8\xaa)\xd5\xf3\xaf\x5cM<\
\x9d\xf5T\xb2;W/\xd7m\xbdNA\x16k\xd9\xc4\
U3\xb3?\x86\xf2\xea\x04G\xc7\xeabY'^\xf1\
\xb2_\xd0\x9b\xb7|<*l\x0b\x0aG\x12g\xe7J\
\x8c\x84m\x97vt\x83\x1fb\xe3\xadd\xae\x92\xbe\xcb\
\xe2\xda\xfa\x99\xbb\xbe\x11\xe5F\x1c\x91\xbcT\x0f\xb3\xbc\
8VJ\xa1\x96;\xc5\xd0{M)M(c+\xcd\
\x8f\xe6\xc7\x03\xe5\x9fT\x95\x97c\xc7\xb7L\xeb\xbd\x00\
c\x09\x0c\xb1\xd7\x5c\xe4\x1b\xdb\x05(\x04s\xb3\xa9\xb6\
c\x0a\xe7\x08\xe7\x06\x16\xde\xd2,\xef\xd8\xd5\xce\xf6n\
\x15\x0eb\x12\x00\xa5\x80\xc8\xdfu;\xa4W\x9edl\
\xee7{\xf4\xb7\x94\x12\xac\xf51\x0e\xe6\x98\xca\x96\xa3\
8\x90\xc4\x06\xceP\xbel\x8e\xaf\xbd\x5c~\xf4\xe3\x17\
\x9d`S\x8dY\x18\x89\x04\xb1\xd2\xfb\xc3b\x0b\xfd,\
m\xc9\xfeB\xc6g\xbfQr\x8ay\xe7h\x91^m\
\x82\x8e\x8b?\xb7M\xb5/\x0dsp\xb3\xec\x12\xcd/\
I\xe3\xe35\xb4\x1a\x9a\xf0\x13\x80\xdc\x8c\xa2>\xb5\xfb\
IB\xb2\x84\xaa<\x047\x0b\xab\xe6\xc9\xeeT%\x06\
\x9b\xb6\xd6\xa0\xb6\xfe\xf1\xf9\xb6\xda\xc2f.:i\xd6\
\xe6\xa5\xca\x90\xe1r~8\xcb\xb5\xe0\x92~\x19\x81\x8a\
H\x7f\xa6B\x00V\x95\x14\xe3NE\x03\xfaq\x8e_\
\x06\xa4\xb2\xa2\xa2C\xeaq\xd7!\x82e5-c\xfd\
U\x82{.f\xcf:\xed\xe2s\x00\xb4\x18\xcaA\xf9\
\xda\x22\xb0\xb1.\xd7\xc1e\xa6\xd7\xba\xaaf$\xcf\xd4\
\x85\x11P\xc1\x7f\xab\xc3 \x22\xb7l\x80\x9a\xb4\x8c~\
/5\xc1\xe9\xde.\xc19\x0eB\xda\x9c\xf0\xbdP]\
V\x09}n\xbf\xbe\x82'}\xaak\xc9\x08\xbf>\xde\
\xea\x17\x95\x0f\xd9\x1c5\x08\xea\xe5V\x14\xbb\x18nm\
\x80\xc4EeR\x5c\x1d\xc7-\xbay\xc9X\x0e\x90)\
_.\xdaY*r\xe3\xd9\xd2\xaap?\x14\x0ce\xb4\
B\x1e_\x85\xe8\xad\x97\xbb>;\xb3\xb7\xccR\xc6 \
rGK;\xf8ofo%\x90\x8a\xe2\xe7O?V\
2\xc2\x14\x82;\xcfI\x1a\x8b?\xa9|G\xd0\x11\xea\
\xb3\xe9G7\x0a\xe4q\xd1#\xbf]\xbde\xdc}[\
\xdc\xb4--\x0f\xb9\x94Vm(>\x16\x04l\x99\x17\
\x9e\x94\xe58\x17u\x17\xb6\x83\x1bt\xf4\xe7wa\x14\
/\x89\xeb\x06\xe9{x<m\xd8&\x08\xbb\xe7\xd3x\
Q\xffw\xc859\xc1\x17\xee\xe4\xce\x229HnF\
\xac\xde]\xe1?\x85\xf7U[\x12#\xb7}\xf7\xa2\xed\
\xccl0\xe6\xf5\x08\xca\xdb\xf1\xec\x7f\xd3\xf6\xbb)d\
\xbb\x96\xf4~]\xe2r\xc8\xcf\xd7T\x13\xc6\x0b\x1fv\
\xb4\xef\xeb\xe3q0X\xcd\xa2<\x00\xe4\xfa\xddW_\
\x15\xc3m\xbdm\xa5\x00\xf4]\xf2\xca\x86\x90Qst\
\x93\xbe\xe2\x11.\x19\xba\xa0\xa2\xda|>\xcc\xdd\x07\x22\
y\x81m\x82Y\x04n_\x96\xaa\xfa\x15\x94\xf9\xfb\xd9\
\x11\x99\x10)^=w$7\xac\xc8\x15\xe0R*%\
\x08\x95\x0d\x10\xad\xcf5IMC\xb1\x0f\xe5\xd9\x9aB\
\x84\x96q%\x82H\x8f@\xce\xd0\xb7\xf2N\xd5K>\
\xcex\x86\x06?\xaa$\xa6\x16Q\x1c\x08n\xff\xaeK\
\x1b\xac\x88CL\xa3\xd6\xb4\xa7~L\x9cVVR\xf3\
s]E\xd0\x8d\xeb?\x03\xc5\xa4\xaf\xfc'\xaa\x8c\x84\
\xac~%\xc3\x0bd\xdf\xff\x9a\xc4\x8ekTS\xcb\xb8\
\x17\xd2\xc0iGB\x05`\x9c)\xa7R\xc5\x04\xb3\x0a\
\x0c\x8a*8D\xa4\x09\x7f\xf8\xec\x0d~\x14\xf5Y}\
}\xbe\xeaP\x87\x9f\xd7\xdau\xb7\x0bU\x91\xa1\x984\
\xd9dc\xaf\x8d\x1d\x9a\x05\x90C\xefd?\xbeLK\
A1~e&\xf5W\x0e}\xf6mL\x89p\xa5\x07\
\x01\xb1\xd8\xe6L.\xb8\xcb\x1e\x09\xbeoE\x9fk\xf1\
!|hcmi\xc6\xf2\x12\x05\x05\x18\xc5\xfb\x08\x03\
\x02\x02y\xbc\xeb\xfe\xa9\xf9X\xaa\xe0\xe2y\x0f5\xfc\
+\x1c5\xca\x8f\xae\xc7\x0e\xae{\x18WH\xe9*\xec\
\x92\xfd\x9d%9\xfa\x96>\xf0Q\xd7Y\xd5{\xdao\
\x92W\xe4\xea\x87\xf0\x8b\xdfI\xe9\xd4\xba\xa7\xf5\xdd\xd6\
}u\xab'\xb19R\xbdz\x09Be\xb4\xd3\x17x\
\xa7\x9a\x83\xd9\xad-\xb8c\xd8\x80,\xedU\xd9C\xed\
{\x8d\xbfKz\xe6\x87\xfc\x12\xa3\x9f\xba\x00\xd4NU\
\x83P3!Y\xd5\x96\xb8\xb9\x98\x85\x95\xb8l\x0fA\
\xa1W\x5c;[\xe6Mm\x0f\xe7q\xe5\xaaC\x06\xf5\
\xbdPr\xf7\x88~Q\xb3\xd3\x99\x17\x15\xa4.?\xba\
\x06\xbam\xe8v\x8b\xcf\xd1\x94{U%F\x19\xcb0\
\xa8y\xcaw\xd7\xa3\xd62\xde\xb2\xcd\x0c\x01\xc5\xb9\xd6\
\xe5\x9bTz\x17B=\x13\x8d\xca\xefJ\x18Y\xa3\x0f\
\x22}K\xa1 \xcb\x17\xec\xb4\xa3\xc1P\xd7H?\xff\
\x0a)\xe9A\x129Nf\xf3\xa8\xc14!9\xefx\
\xba\xd4_\xb3\xb7\xe4\x18\x93k\x1b\x99F\xf4\xa6ip\
k\xe6\x05\xb3U\xf0K\x95\x9bh \xefx*%\xbd\
\x0a\x07\x983\xb2\xd5d\xaf2\xb2\x06\x16ox\xa1K\
I\xae\x09gTfO\xd1\xc62\x96\x81\x8b1\xb6\xad\
\xbe~\x89\xcfGh\x0a:R\xf9\x00S\x1c&\xd4\x9c\
\x03\xd2O^\xf28\x90\xda`\x08\x84\xf6\x10J\xfe;\
#\x87\x03\xad\x8a\x88\x1c\xa5\x9c\xb1X!\x18\x18\xdf\x95\
+.\x09%$Aei\xd8\x90\xc7\x8eC\x1f/?\
\xcam\xee\xbe\xbd\x02\xa7\xfd\xf6c@\xf6QH_\xec\
d\xddb\x03\x92\xe6\xf8\x83:U\xb5\xaf\xc4)\xa4\xcf\
\xa1\x02\xa5g\xcd\xd7%\x1d)\x94:\x9cK\xce G\
\x1c\x85\xee\xe5\x08\x9b\xfdU\xefs*7,\xf6\x952\
<\xc6\x17\x8f\xcaet\xdd\xe98\x8a\xac\x9c\xdf\xa2\x98\
\x1f\xc4\xca\x80\xc5\xc5lO\x01\x94\x04\x91\xf7\xd1\xe8\x00\
\x9ax)\x02p\x0a\x03\xd3Q\x92\xca\xea\xab\x8a*\xea\
\xc3\xea\xca8\xda\xfa\xa9\x90\xa0\x0d%\xfb|\xa7>\xbf\
\xb4\xa5x)\x10uL\xb4KN\x03\xe5,->\x02\
\xd1L\x1e\xdf\x04\xb7\xa5\xd6\x0f\x92.\x919-\xee\xb8\
\xcf\x12[\x18\x85\xa9bP\xb1\x84\xfa/`\xf8\xba\xdc\
\xda\xb9\xdb\x85T\x00>\x11:\x5cRA\xb7V\x17\xe2\
\xa2M5\xaa\x07V\x86\x94\xc5\xea\xcd\xe3\xc7\xc6\xa2\xad\
6s^1r\x16\xaaE\x8c\xfaMu\x99\x8fZy\
1\x8c\xf7\xfc\xea\x80E\xd4r\xe2a\xbf\xdcX\x9d\x87\
Qzv\xcaF\x06\xa2\x98\xa6\xd2\x18\xa1\x97\xb2\x97<\
R\x0aE, \x81k\xa4\xed\xce\xcaP\xa7\x0e\xa5\x95\
\x01\xf4B%\xa3\x00\xdd\xc6\xe9 h9\xf9m\xafA\
\x8d\xfd\x9c\xe1\xe0{\x0c\xdd_\xa0U\xb0\xd0\xd1i-\
n1\x9a9t\xa9h\xbb\x8d^\x9f\xc1\xd1\xcff\xab\
\x97NN\x0f\x19\x046\xb3}w\x13\x82u\x0d\x5c4\
\xa1\xd3\x86b\xa3VC\xa91\x01\xda<\xcf\xf1\xe6\xdf\
\xf5Z\xd0\xd7\xc9b\x97\x92\x92\xdbp\xad2\xa5\xdfg\
_\xc1\xea\xfc)\x14`\x93Txh\xbe%\x15.n\
\x9c\x95&\xe4L\x11l\xb5\x04\x02|\xc4\x22\xb5|(\
\xc9\xa9\xe8\x8e\xca0\x9a\x17\x0c\xd6\x1ef\x0f)\xbco\
\x96%j\xd1\xd1\x8d(T\x96Sf\xb0\x0aM\x95\xef\
,y\xa5^\xf2V\xc1[Yd\xd9\x17\x5c(be\
\xaf\x00h\x16\xcc\xdc\xb6\x12\x9a\xb9\x89U\xdaR\xf9h\
Z?\xb0\x8e\xc3\xd2\xa01\x22\xc5\xd4\xc0\x98\xd6\xa4[\
\x1by\xc4)\xe8<\xb2\x06\xe5\xb8\x18d\x04\xe4\xdc\xe7\
U\xd6\x1a'\x87\x94\x95\x9c\x83\xd1\x9c\x86\x9e\xa3\xcbI\
\xec\x97\x07\x13D\x93\x0e\x19\x83i\xf6\x9a\x0c\x9b\xe0\xee\
7\x9b\xc9F\x9e@\xc9S\x1a\xaaIGf\xc1\xa9\x09\
\xc0\xae!\x15\xad\xd9K0\xe7#\x95\xff\x1b\xb3\x92j\
S\x15\x02\xc1\x0b\x0c']\x04K\xcb\x06\xa5\x8a\x0e\xc5\
xSy\xcds\xbfN\xee\x00\x17\x22k\xbe\x07\xca\x0e\
%y]K\xd9\x15[\xb0\xfd\x16k\xbf\xd9%+\x93\
\x82.\x5c\xbc\x8b\x917\xa8\xf7\xcb\xad\xe6\xdb\x1cB\xa6\
\x0b\xb9\xe3\xcf=z1\x14'\xaf\xd1\xc3N\xd89\xdf\
\xaa\xb4h\x9e\xa4I\xf1\xe5\x89\x9c\xdf\xa3\x0d\x10:\xc1\
&{)\xa8\x8d\x8b\x83\xdf\x22\xac\x10\xab\x80Z\xc6W\
\xde\x99\xad\xb1&\xd5\x98I\x80On\x97\x1cMF\xd9\
\xdc\xad\xdb\xd1\xceUa\x86L\xb7\xdbk\x02g8S\
{\xc3Y\x98\x9e\x1c\xe4\xf0\x95T\x1e\xc8\xc2>\xd7\x9d\
f\xb0e\x1a\xbf\xbb\x84]\xfc\x91\xc0\x18\x0fs\xfc\xf2\
U\xa5\xdc\xe5S\x92\xcaR\xa7\xd9e\xe5\x83\xb6{J\
\xd6\x9b\x93\x10\xb3\x817?\x85A\xc6\xf4g\xc17\xaa\
\xa3e\x17aH\xc6\x93R\xbb\x88\xdd7\xf6\x93\x13d\
\xd4-\x97\xb5\x86\xbdK\x18\xd7\x98\x22\xe5L,B?\
\x94\xde*\x14\x0bT!$e\x95\xfc\x06V\xc8\xd1\xc8\
\xdd\x9f_G\xb2e\xb0\x98\xd9\x8e\xca\xce\x1c@\xcc\xab\
\x17\x1c\x11\xb3\x12\x10(n\xdegSR\xc1A\x5c\x1b\
W\xf7n?\x9f\x09:\x91u\xf3\x8d[\x12\x93\xc4\x9b\
6I\x08QxS\xc4\xa8\xdc\xa3\xec`\x82\xc7\xcdx\
\xa3\x03\xca\x95,\x99\x9f%\xe8c\x80\xe5\xf8;\xd9\xc0\
\x05\xe3\x07'b\xbd\x9f\xc8H\xee\x1c\xb2\x05\x04s\x0c\
\xad\xdb\xe3m\xe6*6`7\xdc%p\xb0\xf9\xca\x82\
\x1c\xa1&\x89\xee\xdf\xa9\xe6O\xed\x0e$P\x19\x08T\
\xc8\x0a\x85\xea\xe4 \xb53Dd\xa2gB1\xe5x\
5\xaf\xfdT\x1cs9\xa7<5T\x83\xd9\xce+\xab\
\xc0m--\x90\x00\xb2\x9dO\xee'\xd5\xc5&1}\
\xc0\x86x2e]\xdb\xe1,&6\xe6$F\xcc[\
\x09\xd5\x11\xc4\xc6@\x8a@\x04z\x8a \xa0~\xa9\x15\
\xdc\x04\xf0Qo\x99\x11m\x82da$\x92?:&\
N\x12GGRM\x9eBF\x92cv\xf7\x98\xd7F\
\x15\xfce\x02b\x11\x84^1\xa63\x05\xbc\x19e\xcb\
\x9f>\x87C,\xa1\xb03Y\x94\xc6Z\xb5\xb3\xc3\xf3\
\x046\x13R\x842W|\x80\xb2\x9d\xd2M\xd5\xd4\xf5\
\x8d\xa5B\xd2\xae\xe9\xf8;\x8f\x82\x83\xc8\xe525\x1c\
.\xaf\x96!u\x92\x01\x85\x22\x1c+\xc4\xbb\x10,N\
\xd9\x94v\x17\xfc\x16j\xa3\x1b\xd9\xb2w)s\x9cd\
\xf5<fmT\xff\x83\x97\xb6\x15\x11\xf3v`\xd6C\
F\xf4\x1ayi\x96X5\x0as\x89\x00\x08\x0e\xc6\x12\
J\x0f\xaa\xa4\x92\xf2\x9d'j\xf5\x81\x02\xe9\xba\xa7u\
\xde\xedEw\xc8\xa0\xc8P\xe4z\xa3\x01\x172\x89\x80\
\xbc0\xeb\xb3\xde\xa4I\xa4\x1eY\xb2\xac\xbc\xc2\xdf\xc4\
\xc8f\x81xT\xbd\xbc\xb3\xba\x08\x84\xc0\x19\x9e7\x01\
\xa0\x06\xdc\xc7\x80\xf5,\xc9\xcc\xa8M\x8b\x94\xf2\x99\xcb\
\x81\x14\x86\xd5Xv\xbf\xbf\x82@\x5c\xe4T+GW\
^\x18\xbci\xe4\x04\x17JGa\xe9\xf57\xbd\xa0\x00\
\x83\x92\x8e\x90\x94\xe1\xc52\x96\x06\xf1\xfb\xad\xdb\x0e\x8e\
;zXh\xad\x87\xc3\xc27\x04\xce<@!\x13!\
z\xed\x5cv\x0d` 0B\x08\x19^kc\xcd\xcc\
\xa9\xb1\xb5o\x83J\x8eJHV!\xca\x8a\x8au_\
\xb9|\xb7\x0c=\xf6D\xe9\x01QN\xcd\xbcV\xc0p\
\x06(\xe6q\xa4\xea\xde(|\x18\x1c\xad\x1d\x823f\
w+fe\xac\x82\xdfD\xd7^\xd9-;\x9dv\x03\
:Z\xa9\x0e\xcd\x92\xac\x81\x84\x0a\xdaH\xb0l\xfa(\
\xe0\x8a\xd4a\x12\xad\xce\xd4S\xdc\xa7\xdaMp\x05y\
\xbes\x03_2\xa4oi\xc1\xb0\xb2\x5c\x06\xe8\xb2\x99\
e\xea\x81yF\x9d0\xf3\xdf\x8d\xbeV\x97\xf6O\x09\
m\xcc\xc2\xa2\xf1\xa9I\x83\x1f\xda\xb4(\xe9^j\x22\
\xb5\x92\xd9D\x9a\xb7dL;\x88\x034\x8b\x82zY\
\xa3\x9e\x18\xbe_u\x9e=\xc7\xae\xb6i\x8b\xdc{P\
\x1a\xe8\x852\xf0\xfe\x99t\xcas\x19d\xe8\xcc\x12p\
\x99H\x08\x00\x91\x19\x04\xad\xad\xbf\xe4\xfe\x95\xd8\x0c\x17\
\x15X0\x11\x94\xbd\x5c\xfb\xca\xac?\x04\x96\x18\x1e\x13\
F\xda\x0f\xabH\x85y)\x05\xcc\x94\xc8\xfc\xa7nZ\
\xb6ad\x10\x22\x87rCQ\x81\x14\xdd;\x0a\x01\xe5\
\xfc^\x14\xac]\xb59-\xb7\xc8\x5c\x92\xf0k\xc7+\
\x92\xc4\xb5\xde\x99\xa9VE\x16\xdeA\x8f\xc8\x91\xce\xba\
\xd5\x07bt<i5^\xbb\x08\x96\x93l\xa4\xa9\x11\
=\xb8c\xcaD8\x82\x13LQ\xc7\x9b]\xd3fI\
g\x08\xca\x0a-\xd6\xa9\xa1#J]\xcf\xc5\xfd\xa4\x9b\
r\x0a!\xe6pp\xbdK\x8f\x83\xd2\xc0P\x80c<\
 \x09\x10kB\xe9\x9ct\x1c\x0d\x04\x89\xb6\x927\xf7\
\xca\xd9\xe3F\x86\x99\x11{\x8eA,\x0dC\xb1\xc1I\
\x96\x96\x94aTR9\xf3Ai\x9a\x972\xfd\xfc\x10\
d\x96\x0f}v\xdc\xde\x82\xa8\xe4\xfb)\xb0V&\x0d\
{!\xc1z\x7f\x00\xa5\x80%\xce4\x13\xc4Ed9\
\x16\xc8\xd4C\xc6\x96E7\x18\xae\x1d$=qC\xae\
\xe6\x14\x95m\x97.\xc6\x08\xf4z\x90\x03&B\x16H\
iU\xc7s\x0a\x813v\xd6\xd5\xa9B\xa6\x18\xfd\xfd\
\xaa\x8c\xfd(\x7f\x99\x0fH\xb9\xca\xda\xe5\xf8\xdb\xbfY\
\x9dx\x86\xeaa\xd1\x8c9k\x82\x84\x0e\xba!/V\
\x0e\xdc\x00R&\xa6-\xe3\xba\xcfb\xbe\x92\x99\xe9\xc9\
,r|\xd4\x909\xdd\xb5\xad\xe9\xfd\x1d\xcf\xd7@\x00\
5\x22\x8d\x03z\xe2ee\x9f\xa4\x03f\xb6;\xadd\
\xa9\xad\xab\x8e7\x06\xf3\xc5KD\x01\xe6U\x15eJ\
H\x81\x15\x0d\xd0\xe8r\x07i\xe2\x05{^95\xd7\
\xcb\xd9\x1b\x9a\xae\xe9$\x97\x95\x87\x00\xa0\x91v {\
tS\x839\x10\xd00B\x93\xee\xe3\x06\x08\x0d@\xf9\
\xbb\xdcK!%\x0f\x11M\x98\x96\x7f\xd2;\xf5\xa0I\
_\xb2\x7f\xc2\x1c\x90\x99\xba\x81\xd0d\xc1a\xd3:\xaa\
oD\x9cN\x91\xd2\xe1\x9e\x14SX\x08gX\x18\x90\
\x9c_\xc4@\x889\xc0\x892C\xc4\x90\xda\x9a'j\
\xc8\x9a#R\xfa\xdc\x10\x819 \x844w\x22\xec>\
\xd9\x98\x19\xb2\xeb.x\xed\xc6\xc8\x09A\x93G;\x80\
S\xff#\xd9A\xab\xa2\xcd\x5ch\xa1\x86\xde\xe6\xdc\x11\
\x01\xa9-ib\xe6\xb7\x12!P@\x0cH\x02\x15\x01\
\x14\x02\x82;\xadB\xe7\xbf\x17\xdc\xbd\x1eBL4\x8e\
\xe2\x87\x91\xfe\xca,\xea9~\xe1\x88\x94\x01_V\x7f\
\xa2\x9a\x7f\x14\x08\x1c\xb3\x97\x9f\xb39\x12\x1b\x80b\xe2\
\x81\x18\xd3X7\xc94\x091\x099\x0a\xbd\xbc\x1a\xc1\
\xa9\xdd\xd4S\x93\xc1PN\x84e\x846If\x13\x91\
\x9c\x8c\xa1l\xf6\x11\x08\xd1\xebm\x15P\xa459!\
\xac\xf3\xd7\xd0\xa1\x9a\x0e\x06#T\x000\x89\xc4I\xbc\
\xd3qb\xcb&[\xae5\xb2%y\x8c\x94\x98F \
R\xcc\x95'M\xc2\xe6\xa7S\xcfv\x96\x05\xf9TZ\
\xcdz\x13M\x0a\x89\xe4\x0f*8H\xb5\x04!k\xec\
\x08\xfd]>\xb3\xeb\x908\xfa\xd2KC\x1a(\x85\xce\
\x99\x14\xda\x16\x02u\x1c6\xedQn\x92\x89a\x0fw\
\x93`K3.\x12\x83\xba\x06\xd5\x08\x90\x03\xd8\x11\x99\
\xb0y\x14\xc6|\xce\x96\x97Zz\xbd\x0e\xb6t;\x88\
\xdc\xcb\x02&k\xa9^@\x8c@\xb7\x17\xd0\xcd\x0c\xcc\
\x08\x88\x1c\xd0\xcb\xac\xc01 \x22\xc7u3\xc0\x08i\
Rr\x1a#\x86D\x0c\x8a\x17=!\x00\x8e\x02\xf1\xd5\
en\xf6/\x07\xd5&\x05\xaf\xc8x\x8a\xa6\x11\x17\x05\
\x8b\x1f#5=M\x04\xb2\xbeV\xeej\xa2d<6\
\x9ch\xe7\xb3\x18E\x8e\x00E0\x22\x98b\x86\xfc\x11\
L\x01\x9d\x004\x81Pgr2\x81\x10\x81\xd1Q\xd0\
\xe8\x08\xd0\x8d\x08\x94%|l\x10c\x83\xc0\x04p4\
\x01\x1c\xf3*\x82\x1c\x97\x1c\x19\x14#8\xf6\xc01\x82\
c\x04\xc5\x98\xaeu{@\xaf\x07\x8e\x0c\x8a=\xa0\x17\
\x81.\x83z\xb9\x9e\xd8\x03b\x0f\x14#(rB#\
\xb1\x07\x92\xe3\xae\x90~'\x8e\xa9\x9d,\xc2\x87\xf5\x1e\
\xb1\xd5\x89z\xc9\x8f\xa4\x08\xd3\x1bIf\x1e\x03\xe2\xcf\
\xa9v\xb7\x8a|u\xc4\x91\x95\x13\x8a\x09\x19\xc4\xd0C\
D\xcf\x90\x80*iC\xc2\x1d\xb0;\xd8:f\xf9\xd1\
\x106s\xc4\x99\x9b\xd7\xe0\xca\x91\xf5\xd8\xdcc\x8c(\
[@\xd4\x95i1o\xef\x99\x0cH\xef\x0b\xd6\xe0\xe4\
\xc0!\x95XE\xec\xbb\x0a\x80\xb4tE\x0eMpp\
80\xa0\x84z\x92\xd2Dx\x9dlr\x09\xdaF\xe0\
\x12\x81\x90\x11\x02D\x868\x15\x8d\xb0!\x1d\x12\x07\xa8\
\x09\xb6d\xef\xc0\xa0!\x11V\xae\xef\xe2\x0f\xf7lA\
Q\xb2\xb4]\xb9z\x04\x9f\xfe\xdf\xcb0\x7fq\x07D\
\x11C\x93\x08MH\xf4\xeb\xf5\x80\xd1\x11`\xb4G\xe8\
EC\x0b\xe2\xe3`_\x17\xf2\xe4\x17\xbd\xc0\xb2\xed\x96\
u\xd3\x07g\x81\x10\x9d\xef(\xba\xf0SY\xa9a\x06\
z*\x8f\x0d>\xf64xG\xeaD\x15\x85F\xba\xf1\
E7\xc7\xa8\x10\xce\x8eV\x12_Q\xb6\xa1\xa9\x81h\
hPN\x04J!\xdf\x17\xc0h\x12\xfa#Bgx\
2F\xee]\x85\xde\xfd\x1bKZf[{\xe4\xaee\
X\xf1_\xff\x8ef\xd2\xd4dR\x05\xf1T%\xba\x14\
\x07\x9c\x88C\x8c\xb3\xb9(\x0d\xcf\x937E?R\x9a\
\x9c1\xc1\xf2\x22\xccX?g\xda\xf7\xa2~O\x93&\
f!\xc0\xcea\xce@/7@\x9dz\xac\xef\x0c\xce\
^\x93<\x0c\x12\xaeb\xcb\xa8\x82\xaa\xb3O\xc3Y&\
\x09\xe8&\xe4Dp\xebC\xa2\x94H\xf2f\x10:\xa1\
\xc1\x86\xee\x1at\xbb#&@\x0a\xdf\x0d1\xed\xb2\xf3\
\xce\xd7/\xbb\xfb\xee's\xce:H\x81\x10\x9a\x80&\
\x13\xb0\xc7=\xf4\x22\x17g\xcd\xf7-\x85\x11\xd4\xe7Z\
a\x8f{\xc3\xae2\xf2\xaa\xef\xbc\x95\xaa\x1f\xbaB\xc2\
\xd2\xeeS\xbdUh\xeb-Q\xd3\x1d\xb6^Q\xab1\
\x22J.\x84<\xd1\xb8\xe7\xa3\xd6\xb6\x95\xd0\xbex\xed\
\xbb\xf5>>\xb4\x14\x1b\xbbU\xe3\xf6\xc0\xd9\xbe5\x01\
\x89\x08e6\x1c\xff\xc0\xd6\xb3\xddR\x9f\x1f\xf8!e\
\x1e\xa7uuy\xd9\xfd\x9e\xfdK2)\xfd\xea\x5cq\
[\xee\xaf\xc1\xde>\x1eO\x02ZcV\xf0S=\x02\
f\xfb\x13\x02\x1a\x84d\xc2\x87hK\x85\x81\x11\x88\xe2\
\xee\xbb\xed~u\xa7\x84WR\x05+\xdc\xecet\xd4\
\xea\x7f\xfd\x9b\x9f\xa9\xe8s\xad\xf8\xe8n\xf6\xeb=-\
\x99`\xb6\xccC;\x80\xed\xb1\xa41X\x99\xaa\xc9\xcb\
[\x99@}\xb7^\x8a\x1d\x22\xf70#\xaai\x04\xe8\
\xae\xb9m\xea\xa3\xa0\x1b\xf3 \xf5\x13U\xfd\xbb\xda\xde\
]i\x8c\xba\x95\x1a\xfc\xfdn\x14\xbd\x03\xb6\xffs\xd4\
b\xd5R\xbc\xd7\xdd3$\x98 \xa9\x9b\x1c\x81\xb3S\
u\xecF\xa6\xee\xf4\x11\xd4d\xf5\xff\xf1\xac\xc4\xed\x8f\
\xb5z\xcdv\xb6\xfc\xdc\x9e2\xac\xe6V\xca\x12\x8d\xfe\
sy\xcc\xc6\xf2\xb8\xdf\xc5\xb9\xc9B7\xa9\xd8\xc7@\
\x80\xb9C.\x95\xac\xda\x1a\xba\xb9\x80\xb6\xed\xddr\xeb\
\x03\xa2\xac\xb9\xc1D\xc8\xf5\x97e\x0f\xe7\xecow\xa2\
\xa49y~\x1f\xbf\x83\xce\x0c*\xf9\xae\xff\xd4ba\
jvv\x1c\xf16\xd2\x90\xfb\xf2\xe06t\xaf\x14\xd4\
T\xfc3>\xc0\xf1\x8c\xfe\x00\xc7\xdaOx\xf3E\x8f\
Q\x81\xb6\xcdK\x16\x02\x82\x9dHB\xce\xa3\xef\xbb\xd5\
\xeaF\xdfv>\xb4(\xe8\x81\xf4\x5cz\xad]\xa4>\
m|\x88\xe1\xae\x0f\xdd\x17\xb1\x1d\x22\x92\x1f\x8a\x08\x1d\
\xa2 \x01\xa1\xc6\xfd\xea\xb4\x19\x13\xa7Y\x97\xa8\xfay\
k\xb4 S\x88>\xb9e\xfa\xb3u-\xa7c\xc6\xd1\
.[\xa7\x9b\xe7y\x1e\xb3\x12\xb1\x8f\xb8\xbc\x8fPF\
Wm\xa5\xb4\xd1\x1a\x19#\xf7\xa3E\xab\x81\xe6\x10b\
\x1e[x\xf4\xaf\xc8\xf7\x91JaR@\xce\xf2\x09\xb1\
\x1b\xebf\x1b\x01\xd2\x93\xde,\xea\xdf\xa4\x8a\xc2\xf2\xb5\
\x9a\xa9\xec\x84\x80\xf2B\xab[U\x06\x9d\x8c\x9b\xab|\
9\x15\x15\xc8\xf5Sv\x83:\x8f\xb8\xbb\xa7%g\x0d\
h\xda\x84\xdc\x064;f\xdf\x0b_\x19\x94\x86\xbe\x0a\
\x11\x83\x16\xd9\xed\x05D\xbeZ\x98\x17}\xde\xc9\x5c\x98\
\x9c\x05\xca\x14\x1f\x9d\xfa\x82\xd2\x07\xbf\x9f\x88(pg\
\xca\x94)\xf7\xeb/\xbeq\x8cq\x98/OL?7\
\xfa\x8d\xe4\x18t1e\x22l\xe5\x13@=\x00\x11X\
[\x0f}\xdaQ$I\xe8\xebj\xe0j\x9eRU?\
\xf7g\xd2~mQ\x8aW\xe6\x8d\xac\x93\xd7\xc2\x94\xcb\
\xcf\xea5P\xe5\xf7\xc0\xd4@\xc1b\xdc\xbePhF\
\x7f\x9bc@#\xa8\xd9\xdb\xda5\xf08\xd4\xd8\x8aF\
\x97JB\xa6\x83\xd7/\xd5\x903\x00D*RU\xb0\
\xe4z\xe0qx\xb2\x88\xab\xf7/\x0fm\xf3\xa7\x1e7\
\xf4\xe1\x11\x7f\xcf\xb8L0>\x1coi\x15\x88o\xc8\
D\xbc(C\x15\xc8u\x1b[&?\x8fO\x0e\xa9\x93\
\xca\x04(1\xa3\xda\x06\xc4C\xc3\xc3\x9b\xc3v\xdbm\
ws\x08a\xb4n~_\x8dPl\xde\xae\x1a4\x1e\
\xaf\xf6\x9d\xd3\x95-\x89\xd2\xb9\xb3MN%r\xd5\x8c\
\xd7\x8e~\xb6\x14\x8f\xf19\xd7\xeb\x97C\xb7\xb9=c\
\xbc\x9fb5\xf9\xab,\x0d\xde\xf5\x08\xb2\xeb\x0f\xc4\xb1\
\xd6\xa2\xcb\x03)\xd5\x12a\xe2\x1b[\x8dx\xd0/p\
\xa1\xbaj\xec\xd5\xf1\xc7c\xbe\xc4\xa5zC\xdb?6\
V{\xfaaF/\x0e\xa4\x1d[\xedA\xfd\xbe\x07d\
gm\xfd\xb9\x922\x1e\x08\xdb\xf6\xec\xa2\xba\x07\xda\x9e\
Z\x06\xe9\xea\x88\xc6N\xf4f\xcf\x9auk\x98;g\
\xce%\xc3\xc3\xc3w\xd8\x83\xfd\xbd,T{\xa9\xc6\x1d\
\x90\xaa\x11}\xf6\xec\x96s\xc0m\x17~ e\xbc6\
<\x00 Q\xd2\x9a\x8bz\xc9M\xc8mi\x8e Q\
\x0b^b\xf1\xc8\xb8\x1b\xdb\x1aB\x96\x13\xd3\xb3\x89=\
j\x9f\xc8\x03\xa2\xcbx\xe4r\x1f\x8c\x11\xfd\xdb\xb8\x8d\
V\xe0'\xd7\xb6\xa23OH\xf8\xfc-%\xf1\xc7r\
*\x17\xaa7:\x8a\xb4_f\x143!S\xe6\xd4\x93\
\xd7\xd9\x92\x9d\x0b\xf4+\xcd\x8dZ\xfb\x8eYh\xdb~\
\xe7\xfa\x8bh{\xd6\xf6\x84z\xb0\x19\xdbL\xeav\x1f\
\xa1\xfd7\xe5/\xefM1\x10S\xa6N\xbd{\xd7]\
w\xfdv\xe7\xa8\xa3\x8f\xbe\xec\xf6?\xfc\xe1k7\xdf\
r\xf3\xbb\xb7l\xde2\x9b\xc6a\xf6m\x9c\x07\xe3\x12\
\xa5t\x82T\x1ew\x90s\x8aP{\x0aP\xf9\xfc\xf8\
\xc6\x1a\x1e\xc4\xcc)\x1f)d\x08m\x83\xd6\x90g\xec\
\x7f\xfe\xe36\xbd\xd3\xf2\x04\xc2\xc2\x92\x8b\x89`\xd6x\
&\xe2\x03\xefd\xdf6<`\xfc\xf5 \xde\xe1>\xd1\
\x98\x17\xfb\xfcl\x096\xb6\xd62\xea\xf3\xc5\xcc\xec\x0c\
\x87k\x84\xe5\xf9\xea\x01u\x9d\xb6\xf1\xb7>w\xd1\x18\
O\xb0\x1b\x8b?b\x18\xa8\xdf/\x99\xec\x93'M\xbe\
\x7f\xef\xbd\xf6Z\xf4\xe2\x17\xbf\xe8\x9b\x04\x00/}\xd9\
I\x0b\xfe\xf0\xfb\xdbNY\xbbn\xddsGFG\xa6\
\x12(\x12\xe5-\x0ad\xc7\x0e\xfa4\xa6\xba\xa9\xb3\x14\
<\x945\x071{y\xcf\xe2_#Y\xe5I\xcb1\
\xb2\x15C\x5cp\x0890Iv@\xe4\xb9\x97\xbd\x12\
\xda&0\xa0\x9f\xfbtwl\xc1 }\x02\xc0Y\xe3\
2\x13\x98(\x14\xc9\x94\xa8\x94\xbd\xe6\xdf\xcb\xfby[\
V\x039Ug\x8d0\xba\x80s X\x0c`\x0e\x9c\
\xfeD\x09\x85\x9c\x13@\x95R[\x03\x13{T\xae\x90\
Z\x82\xf3\xd5\x85YX\x99\xf2\xa4\xe0oa\xaf\x98\xf7\
9pF\x84\xec\xbb8\x8e\x12\xc8GB\xd4\x0e\x94Z\
O\xb1\xbb\xdb<!\xc5\x1d\x1ayY\x0f\x19\xb9\x0a\xc6\
\xe1\xe7\xfabJ\xc2\xcf\x18\xeb\xc1\xc4;z \x14R\
|M\xde\xc8.\x1c\x96c\x1a3\xef\x0a/\x97<\xd1\
\x12^\xfd\x80Z?}\xeey\xcf@\x004\xd6L\x88\
\xe0]\x02\x8e\xaf\x5c\x9f\xa8\xe0\xb1~\xdeGq\xaeP\
\xe2\xb1\x14&\xca\x1c\x9bNgh\xf3\x9c9s\xbew\
\xfc\xf1\xc7\x7f\xe9\xe3\x9f\xf8\xc42\xda\xb8i\x0b\xf6\xdd\
m\x07\xfc\xc7\x97\xfeg\xca\x95?\xber\xe1}+W\
N\x19\xea4\xb1\x09\x0d\x87\xd0\xc4\xb4\xedRb\x84\x93\
Nbf\x8a)@\x88\xd4\xa1\x93^\x84^/R\x8c\
\x0c\xe6H12\x81#\xc9\x89\xc1=\xb1/\x13\x03P\
\xcc\xf9\x95C\x1a\x02\xee\xf6z\x14cL\x8d\x8eB\xab\
\x84\x8fC \x0e!p\xa0\x00\x0a\x81)P\x9e\xc0y\
\xe3l`P\x14\x0e\xca;\x93\x94\x22\x04\xd9\xd8\x13\x02\
\x01!\xc4\x10\x02\x9a@\x1c(0\x02q\xa7\xe9p'\
\xe4\xba\xc8\xedm`e\x8c\xf4\x17\x998\xe6\xad\x16)\
6\x19\x00\xa56\xc9\x0e(\xd24K)p,C\xea\
\xeeh7t\xbb\xa3\xa1;:\x1az\xdd\x1e\xf5b$\
\xe6\x88n\xb7\x17R\x84j\x171F\x8aIP\x80s\
Hk\x8aV\x0c)\x15\x22\xa5~\x075\x9bB\x0a\xc5\
g\xc8\xde\x00\xf6\xcc\x0c\x80\x03\x93\x86\xc7\x11\x05\x0e!\
0\x85\xc0!4\xe8t\x9a\x98v\xe4\xe6d%f\x86\
\xb0\x81j\x91\xb3\x04\x04b\x09\xffN\xb1\xfc\x00\x10\x98\
\xf3\xe74\xb9zIJG\x19{\xe1\x0f\x9dE\x88Q\
\xe2\x13\x1d3\x07\xca\x07\x86\xab\x06df\xe1\xb1\xbc\xfd\
\x88\xca\xb5\x11\xcd\x9a\xd4\x04\x0e\x81l\xe71r\x5c\xbf\
x\xbeC\xea7B\x96\x96\xbdH\x00!r/\xefc\
#p\x8c\xe8\xc5\x88^\xaf\x17bLy\xc5\xa3h.\
\xb3\xd3\x92\x06\xd0f\xbamo\xea\xc4\x13\x89\x9c7I\
\xe7\x94\xcf\x04\xa0\xe9\x04&j\x10{=\xc4\x98h\x12\
B\x16\xee\xcc\xa4{\x19\xc5\x09\x9b\xf9\x5c{E\xb2\xb1\
G\x14\x82n\xce\x07\xe9\x8caN|\xca\xd4\xe3\x88^\
\xaf\x1bz\xdd\x1eu\xbb[\xc2\xdc9\xf3\xb6<\xe9I\
\x87\xde\xf5\xea\xbfz\xed\xfd\xb7\xfd\xeeV\x0c\xca\xa0\x0c\
\xca\xa0\x0c\xca\xa0\x0c\xca\xa0\x0c\xca\xa0\x0c\xca\xa0\x0c\xca\
\xa0\x0c\xca\xa0\x0c\xca\xa0\x0c\xca\xa0\x0c\xca\xa0\x0c\xca\xa0\
\x0c\xca\xa0\x0c\xca\xa0\x0c\xca\xa0\x0c\xca\xa0\x0c\xca\xa0\x0c\
\xca\xa0\x0c\xca\xa0\x0c\xca\xa0\x0c\xca\xa0\x0c\xcac\xb2<\
<\xdb\xbe\x1e\x03E6\xa3lZ\xbf\x85F6n\xc2\
\x8c\xb93\x01\x06z\xdd\x114\x81\x80\xe1\x0e\x025\xc5\
F\x17\xda\x86\x9dw<N\x86\x867\xbd\xf1\x8d\xd8q\
\xe3\x1e\x98;kG\xbc\xe3\xff\xfc5\x1eH\xbd\x83\xf2\
\xd0\x15;w\xb0\xde\x97\xbe\xd5\xcdP\x8f\xbb\xf2\x84\xe8\
\xe9;\xdf\xfeV|\xfe\xdf?\x8bS^\xf7\xc6\xed\xaf\
\xbd\xf6\x9a'-\xbf\xf7\xbei!4\xbc\xe7^{M\
\x9e={\xce\xcc\xee\xe8h\x08!\xb0\x1d\xef\x94\xf6}\
4M\xc3\xf7o\xb8\x7f\xd3\x8d\xbf\xbcq\xd3h\xb7\xcb\
\xcdP'\x06\x00\x1ccJ\xff.{V\xf2\xee\xb8(\
\xa7\xb3\x02ic\x07\xa7l\xf7\xcc\x11\x1c]\xee\x1d\x22\
n\x9a\xc0M\xa7\xc3C\x9dN\xa4@\x11L\xc5F(\
\xb6\xe4w\xfe\x04\x04p:\xefFK\xb0\x1d\x92\xba\x81\
Z\x12c\xca\x91\xd8\x9c\x0f\x0d\xc8=\xd3-\x9a\xa1\x09\
\xe9\xec[\xc7\xf0rR\xb1\x1c\xfc\x99\xce\x0d\xc8;q\
d\xb7\xb6\xec2\xca\xdd\x97\xbdBz\xe4\x1b\xfcu=\
\x0dJv\x22\x92\xeeus$\x91\xed\x8a\xe9FN\xc7\
\x99\xe4]\x8ai\x0f\x12\xc9A\xd6\x9c\xce\xa6 bD\
\xf48\xea<\x0e!\xa7J\xe7t\xb0F \xa0\x1b\x99\
b/\x92\xa4\x9d\x0f\x14\xb8\x09!\xee\xbd\xd7\xde\x93\xe7\
\xcd\xdfn&3S \xa2\x91\xd1\x91M\xf7-\xbf\xef\
\xbe\x1d\x17\xee\xf4\xf3\xbf{\xff\xdf\xdd\xf5\xdf\xff\xfb\xbf\
\xf1\xb5\xaf~m\xa2Y\xf7a/\x8f{\x01p\xf6\x92\
\xb3\xf0\xd2\x97\x9f\x84\xd7\x9c|\xf2n\xd7\xfd\xf4\xa7\xef\
\xb9\xe7\xde{\xfeld\xf3\x96\xc9\x91\x81\xd04\x9d\xa6\
i&\x95\x19K\xca\x12{qt\xcb\x96-\xdd\x94\xc2\
>\xe4\xdd\x901M\xaa\xbcWS\x8e\xa7R\xcd\x927\
\xf3\xebQ\xd7\xc8)\x80\xdd&\xd1\xbc\xab\x8f\x9b\x10\x22\
\x85\x90\xe6C:\x15W\xb6\xa3\x16E\xb6\xac\xfb$:\
$\x12\xa1\xbd\x09\xde\xed\xd5\x95\x89f'\xa8H^>\
\x22\x8a\x85\xb6\xb3\x8c\xb9e\x96@\x96}\x8d\xad\x84\x0c\
\x80nC\xf4\xd9\x0ad\x97\x9f\xeel-s8h\xae\
*\xff\x946\xdf\x1aa\x87Y\xa8\xe0\xa9\x0e\xc3Cq\
\x0c\xaa\xdb\x85'\xfb\xe7\xd2Q\x00\xe5=D\xc4C\x9d\
\xceP\xd3\xe9L\x82\xde\xc7=0\xaf\x9b\xbf`\xc1\xa5\
\xc7?\xebY\x1f\xfb\xff\xbe\xf4\xa5\xdb~\xfe\xf3_\xe2\
IO:\xf8a\xe3\xcdGC\xe9\xfc\xf1U<\xba\xcb\
5\xd7^\x83s\xcf=w\xf2\x87>\xf0\x81W\xdev\
\xdbm\x7f\xdd\xedv\xa7#\x9f\xd5\xd7\xe3\xde\x03\xcb\xf4\
\xc4r`S,\x92G\x06\x9dXp\x0c*Yi\xb6\
\x96\xd6E\x8e_\xb3\x1d\xfc~\xc3x\xbb\x0d\xdb\xdc\xd8\
m\xb8\xa7\xda\x8f_\xbe\xbdOm9'\x84 \x80m\
n\xcf\x03ii\xf9\x8b\x17$n\xbf\xad\xe5\x12,\xce\
\xd0\x13l\xc3e\xbeJ\xbd.} l\xd92\x02;\
\xd9*\x9d\xa5GD\xb3G\xee\x1a}\xf5\x8d\xbf\xfc\xe5\
\xdd\x17]t\xd1'\xce;\xef\x9cM\x7f\x5c\xef\x1e\xfd\
\xa5\x99\xe8\x06<\x9c\xe5S\x9f\xfc$~y\xe3\xafp\
\xff\x86\xfb\xf7\xfc\xc9\xd5?y\xef\xba\xb5k\xf6n\xa8\
Ab$;\xec\xc4\xed@G\xdf\xbc?.KQ*\
rr\x91\xcfq#\xba/O\x90<C\xfc\xc1\xa2z\
\xe0f\xf1\xe7\x8f0\xcf\xd3\xac_\x06\x8d?\xaa\xf8\x1e\
\xca;Y\xdbo\x87c\x96O\xd4\xdf\xfaf\x99\xd9\xa6\
\xdf\xb6\xd6\xa2\xf1j\xf1\x87\x98\xda`\xd0\x18\xef.\xf3\
(\xf7iq\xc6\x06z*\x15(\x9d\x01I@\x13\x02\
z\xbd\xdeP\xb7\xdb\x9b\x01\xf0\x0fn\xbe\xf9\xe6\xfb\x9e\
\xff\xfc\xe7\xe1'?\xb9\xfa!\x1b\x89G[\x09\x13\xdd\
\x80\x87\xb3\xdc\xb7\xfc^\x9cu\xf6R\xdct\xd3\xaf\xf6\
\xda\xbci\xd3\xeeDA\x8f\x9e\xee\xe5\xc9\xdaf\xa4\xf1\
\x92\x0c2\xf4\xd0Hwo\xcaw\xe1s\x09\xba\x14\xd6\
[\x9d\xcc\x0cI\x98\xe2_\xff\x10(\xd7\xbe\x89k\x1c\
V\xb1\xdf\xd9\x14i\x7f\xbc2v.\xbe\xad\xff\xd6\xbf\
\xe7\xc5\x89\xd8c\xdc\xe7\x13\xa2\xf18u\x15\xb4\xac\xdb\
R\x99Gz\xc4wN\xf4\x22\xb5\xcb\xb1^\x81\x08\x1b\
7n\xdc\xe5\xe6\x9bo\xd9\xf7\xc2\x0b/\xc2\x8a\x15+\
\x1f4\xfd\x1f\x0b\xe5qm\x02\xdc\xbdl\x19\x00`\xf9\
\xbd\xf7\xce\x1d\x19\x19\x99\xc6\xf9d\xd7^\x8c\xd9\xc9e\
,\xa3\xba\xbd\x9ey\xa2)r\xe2\x17M3\x9e\xbf\x13\
W\x8c,\x9a\x9c\xebi6\xdet\xe6qg{\xabI\
\x96\xd6\x0a\xe3=\xe5\x0f\xe4D\xeb\x13\xd5\xe6\xb4\xe6\xa3\
\xe31Z[\x92\x85JO\xc1\x98m\xe9\x97\xb1\x8a\xfb\
\x10\xba-8\x0a\xe1\xc0%\x0d\xa9\xe8a\xe1\x92,\xab\
+\xaa\xad\xcc\x9b\xec\x8eHcH\x881!\xc3\x91\x91\
\x91\xa9\xf7\xadX1\x07\x00V\xac\x5c\x81\xc7sy\x5c\
\x0b\x80\xd9\xb3g\x03\x00\xa6O\x9f\xbe1\x84f$f\
-;v\xc6[\x8c\xc1G\xd9\xff%\xc7~\x9b\x7f\x1b\
-c\xb3x~\xaci\xdfG\xcal\xab\xbe\xa7\xb1~\
\xec7\xd1\xc6\xaf\xf7\x81\x9c;\xd0\xaf&\xef\xbe\xe3\xad\
\xdd\xbc\x15\xed\xdd\x7f\xde\xca\x1b\x92\xdf\xa5\xfd\xf6\xf4d\
K r\xbf\x1a\xabg\xb9\xc2BRGdt:\x9d\
\x8d\xf3\xe6\xce]\x03\x00\x0b\x17.\xdcf\x1a=\x16\xcb\
\xe3Z\x00,\xdcyg\x1cv\xd8\x93\xb1\xdd\xfc\xed~\
;4<tW\x04\x16$\xf4\xee\x1cJ\xcaG\xf9K\
\xa5\x15E\xd3\xa5S\xc2\x09\xe0\x80\xe4\x04\xac\xdd\xe1\xfd\
'[\x81,\xe4\x17.\xef\xa7Z3U5r\xf5C\
{n\xf9\xb3\x05\xa9\xa8\xaf\x9e\x06\xde\x1b_\xa3\x0aX\
\xfa\xd7\x12\x17\x11\xd4\xb7Q<]9\xd8\xb8&I\xab\
?E\x86\xc1\xbet\xd34\xb1l\xb3\xd9\xb7G\xd3\xd3\
[\xd3\xf2s\xe9\x18w\xff\x5c\xe1\xd3h\x8d\xab\xad\xd8\
\x88!(\xc2}\xca\x94\xc9\xbf\xdfs\x8f=~\x1d{\
=\x1c|\xe0\xe3{\x15\xe0q\xed\x04\xfc\xcew/\xc3\
q\xc7\x1e\x8b]w\xdde\xd3\xefo\xbbm\xbf\xb5k\
\xd7\x1c\x11\x99C1\xa1\xfc\xe71\x14\xa2\xa0z=\xfe\
Y\xf2\xcfF\x0c\xca\xa3\xa2X\xf2\xd6\x07\xf8TN\xf4\
\x19\xf4L\x86\xd0\x84\xd1=w\xdfc\xd1+^\xfe\xf2\
\x0bB\x08\xdd\x0f~\xe8C\x13\xdd\xb9\x87\xb5<\xae\x11\
\x00\x00\x1cp\xc0\x01x\xff\x07>\xb0\xfe\x84\x13\x9e\x7f\
\xee\x8a\x15\xf7\x9d\xb0f\xcd\xda=\xf5be\x826M\
\x83\x193\xa6\xa3iD.\xa6L\xb9!\xb4a\xbe\xac\
\xf1\xc7\x14\x13P\x99\x15m\xf8I-=\xcf}\xf9U\
\x18q\x5c\x8f\x81\x03/n\xe5\xabzN\x93]\x17m\
\xb3\x15\x077\x01\xe0\xa3\xdf\xca\x95\x8b\xa2\xad\xfeP=\
\xa7\xed\xcb~\xb4\xb1F\xcb\x07Q\x1f0Ce\xbb\xca\
6\x94\xb4)?\x97\xdf)\x08\x0cqz\xde\x05v\x8d\
\x8ev\xb1v\xedZ\xc4\x18\x8b.P\xa6\x153c\xce\
\xec9\xbf9\xf0\xe0\x83/\xf8\xeb\xd7\xbf~\xd3YK\
\x97\xe0\xf3\xff\xfe\xefx<\x97\xc7\xbd\x00x\xff\x07>\
\x80S\xdf\xf4F\xec\xbd\xf7\x9e\xd7\xdcv\xdbm\x17\xae\
[\xb7\xfe-1\xc6\xa1~\xf7N\x9e<\x09\xaf:\xf9\
\x958\xe2\xc8#\x11c\x02\x86M\xa7\x83\xa6\x09\xf0\xc8\
\x12H\x93\xaa\xd7\xeb\xa2\xdb\xeb\xa2\xd7\xeb\x81c>\x7f\
=3\xb2\xcb\x10\x0epN\x99-\x07S\xe4\xe0\xa0\x18\
\x13\x8cH\xab\x13\x00\xf2R\x14\xb9\xf3\xdc\xc8\x99&\xda\
\x04\x0f\xbd\x03T \xd9\xd9}\xa9\xa1\xe3\x0b\x00N\x01\
L\x92f:O r\xcbb\x94\x8f}`\x8e\xee\xfd\
\xdc\x9e\xc4\xfe\xbdN\x12\xc9oL\x0cD\xd6X\x07\xe6\
\x98\xde\xcb\x04p\x04$\xf5|0(N\x81\xac\xaf\xa9\
I\xc8\x92\x02!E\xf4%\xd8\x9f\xdf\x1eB\x93N\xbc\
\x05\xd2\xa1\xa0\xf99Y\x9d\x09\x81\xf0\xa3\x1f\xfd\x08_\
\xfd\xea\xff\xc3\xa6M\xb6\xbc\xefO\x0f\x1a\xea\x0cm\xda\
s\xcf=\x97\xbc\xeeu\xaf\xbba\xff\xfd\xf7\xc7I/\
{\xf9D\xb3\xef\xc3^\x1e\xf7\x02\x00\x00\x0e<\xf0\x00\
\xbc\xe3\x9d\xef^\xff\xd4\xa7=m\xe9\xd4\xa9S\x9f\xbb\
a\xc3\x86\x03\xfai\xd9\x14\x1c\x12\xf0\x92\xbf<\x11\xd3\
\xa6OKB@\xf2\xef\xa3\xd4^\xb2t\x17cT&\
+u\x8f\x15_\x87N#\xe6\x5c?044\xac\xd7\
\x1f\xc98tfF\xb7\xdbu659X,\xdfe\
\xc2\x8fQ\xc9\xd6\xe0\x8a\x08\x03u\x8e&\xb4D!\xa0\
\xd3t\xfa\xa2\x91\xad\x95\xb1\xee\xb5q*}9\x81\x08\
k\xd7\xae\xc5\xe5W\x5c\x81\x91\x91\x91\x9a\x0a\x90\xb3\x0b\
\xa6M\x9fv\xed\x9e{\xeeu\xces\x9e\xf3\x9c\xcd7\
\xdex#\xfe\xf5_\xff\xf5\x11\x1b\x8b\x89*O\x08\x01\
\xf0\x8ew\xbe\x1b'\x9f\xfcJ\xec\xb5\xd7^7\xacY\
\xbd\xfa\xc2[n\xb9e\xafn\xaf;\x5c3n\xb7\xdb\
\xc57\xbeq\x09^\xf4\xa2\x17\xe1\xf8\xe3\x8f\xc7h\xb7\
\x0b\xa0\x84\xd9\x1c\x19\xe0\x88|0\x0ab/\x0b\x00Q\
\xfb\x116\x81$\xbe&\x90\x05\xa0H\x84\x0038\xc6\
4\x11:\xc3jv\x08\xb25\xc4-\x931\xea\x9e\x03\
=\x04\xb7^\xab`\xd3\xee\x00\xd9\xf9(E\x08\xaf=\
\xd3\xedE\x8c\x8c\x8c \xc6\x88|\xecFB\x14\xd2\x80\
`g\xd7R?) t\x89U\xd5Z2\x01b\x82\
\xd7\x9c\x0f1\x8a\x91\xd1i\x02\x9a\xe9\xd3\x11BP5\
O@:$\x8f\x91\x97\x5c\xcd\xceH>J\xefxL\
\xfd\x22m\xab\x8b\x1b`d\xd3,}\x09\x9d\x06?\xba\
\xf2G\xb8\xe4\x92K\xd1\xeb\xf5\xfa\xf2\xc8\xf0\xf0\xf0\x86\
\x85\x0bw>\xe7)G=\xe5\x16\x22\xc2A\x07\x1d4\
\xc1\x5c\xfb\xc8\x94\xc7u \x90/\xc7\x1cs4>\xf4\
\xa1\x0fo\xdc{\x9f\xbd\xce\x9a9k\xe6Mci\xad\
\xdbo\xbf\x1dK\x96,\xc5\xbau\xeb\x11\xb2k\x9bc\
D\xecE\xc4n\x0f\xb1\xd7C\xaf\x17\xd1\xcb\xdf-\xfe\
?\x9f #\xb0\xbf\xf8lZF|\x07\xde\xcf\x9e\x10\
\x02t\xf2jP\x11\x00\x8f+\xea\xa5J\x16H-Z\
T\x91\x88\x9d0\xab\x9f\xf59\xa9\xcf\x22\xec8\xdb\xf8\
\xc90a\x8d\x03H\xc2\x8e\xd5\xc7\x9177\x99\x00S\
\xdfG\xee\xa3\xfc\x97\x1d\xa5I`f\x8d,f\x11K\
\x9d(\xceLM\x8f8\xbf\x88\x97(\x0c=\xef\x9e\xb5\
\xdf\xe4\xdac\xc1T~;\x06\x81\x11\x1a\xc2\xbd\xcb\xef\
\xc5i\xa7\x9d\x86;\xef\xb03p\xeb2g\xce\x9ck\
\x8e{\xc6\xd3/\xfe\x9f\xaf\xfe\xf7\xe8{\xff\xee\xdd\x13\
\xcd\xae\x8fXy\x5c\xaf\x02\xf8r\xc9%\x97\xe2\xc3\x1f\
\xf90^\xf1\x8aW\xac\xba\xee\xba\xeb\xe6\xdcw\xdf}\
\xc7\xf4z\xbd\x8e\x8fI\x15{{\xf9\xf2\xe58\xf4\xc9\
\x87b\xdf}\xf7\xc9v:\x83\xa30X\xda\xda#\xbf\
\xe7'!\xbb\xea,\xc44_\x09>\xe0\x97m\x050\
\xa3\x04\x0a\x0d&\x0dg\x04 \xbf\xe9\xe4\xf4\x91\x8a\x12\
\x02\xeb\x0b\xf5Q\xbdv\xb8V}\xc8$\x15\x9f\x09\x11\
\xc0\xe8\xe8\x88.K\xaa\xa9\xa2\xdeE\xd6\xd5Q}#\
\x95u\xd6\xcdq{\xfe \xc7\x01\xdb6$C0!\
4\x18\x9e4\xdc\xaa\xaf8\x06\xab\xd5f\xdfm\xcaN\
\x16\x89\xcd\x00\xf4\xec\xca|g\xc8\x08\xe1\xfc\xf3\xcf\xc3\
\x7f\xfc\xc7\xff-l\x7f_\xa6N\x9d\xba\xf6\x80\xfd\xf7\
\xff\xe2\xa2E\x8b\xbe\xb3r\xe5J~\xe5\xab^\xf50\
s\xe3\xa3\xa7<a\x10\x00\x00\xbc\xeb]\xef\xc0\xb3\x9e\
y\xfc\xe6\x03\xf6\xdf\xef\xbc\x193f\xdc\xd0\xba\x81\x13\
\x03\xde}\xf72,Y\xbc\x18k\xd7\xaeE'Cs\
\xd1\x8aQ\xc2vY\xf9\xdb1\xad\x08\x01J\x22\xc19\
\xd8\x00\xbbE\x97\x14\xf5z~\xb9h\xe2\x88\xec(\xb4\
\xbd\x05i\xe2\x88\x86t6\x82\xc6\x15\xe4\xd7\x83\xed\xb4\
8A%r\x9b\x0f,P\x07%\xac~k\x86jm\
\xbb_\xbes\x8bf\x80\xd5\xed\xdf]{\xff\xd9\xf5\xb9\
^\x82%\x92=\xc5\xa2\xed\xbd\xe3 \xfb\x0d\xdci\xc9\
\x0ex\xa4\xa8Nv\x8d\xc8\xcf\x85\x10\xb0\xec\xae\xbb\xb0\
h\xd1\x22\xacZ\xb5\xaa\x0fG\xa4\xb6,X\xb0\xe0G\
\xcf:\xfeY\x17\xbd\xf4\xa5/\xed\x9d\xfa\xa67O(\
\x8f>\xd2\xe5\x09%\x00\xa6O\x9b\x897\xbc\xe1\xf58\
\xfe\xb8co\xd9y\x97\x9d\xcf\x1b\x1a\x1a\xda\xe8=w\
\xca\x97\xcc\xb8\xec\xb2\xef\xe1\xf2\xcb\xaf@h\x1a\x88\xa6\
-\xccO\x17>\x22\x0fS\xb0JB\x801:Y\x80\
\x8b\x93\x1aN\xbb\xfbz\x01\x09\xb1e.\xe1{\x11{\
T\xc8\x14g7\xe7\xe7s7\xaab>\x02\xaafn\
\xb1\xa8\x16\x9c+\x01d\x5c\xe2\xe5\x8d\x5ckm'\x14\
O\xbc.\xb1\x9b\x80\xf3\x9b\x99\xc9\xd3;='\xa0A\
M\x03]\xd5\x13:r\xd9\x0f\xaaM\x06\x112\xa9?\
1\xf6p\xc9\xa5\x97\xe0\xc7?\xbe\xca\xb7\xac \xf8\xd0\
\xd0\xf0\xcay\xf3\xb6[\xf2\xe1\x8f~\xe4\xcec\x9fq\
,v\xd8i\x87\x87\x95\x07\x1fm\xe5\x09%\x00\x00\xe0\
\x1d\xefz\x17>\xf6\xa9\xcf\x8c\x1c{\xdc\xb1\xe7o\xb7\
\xddv\xd7\x08#\x86\x90\x97\x9e\x88\xd0P\xc0\xf2{\xef\
\xc5\x19\x8b\x16a\xf9}\xcb\x11:\x8dNfq\x04\xc6\
<I%+\x888\xacH`o\x16\x06\x14\x83\xf8\xc1\
\x00\xc8\x12W\xa2|\x90\xe5-\x91\x0b2\x0d\xf3\x05\xd5\
x\xea\xc8\xf33\x11\xaa\xa9\xed\xd9t\xaf\xdcFy2\
0!o\x8c\xcfZ>8\xc1\x128\xbd\x8f\xd2V\xe7\
\xd4nHc\x13\x87\x10\xb4_\x00\xe4\x90\x5c\xbb\x87\x08\
$/\x0d&X\x22\x80\x88\x98\xe7\xbe\x09\xc3d\xa6\x08\
\xddr%\xb2l\xaaiK \xa7\x1d\xe7\xee\xe7\xb6)\
\x8d\x19\x1c\x92\x89\x12\x8a1@r\xfc\x85\x80\xdbn\xbb\
\x1d\x8b3\x923\xaa\x99T\x0c!`\xe1\xc2\x9d~x\
\xe0\x81\x07|\xf7y\xcf}^|\xcf{\xde3\xd1\xec\
\xf9\x88\x97'\x9c\x008\xe8\xc0\x83q\xe2K_\x82\x7f\
x\xdf{o\x9d\xbf`\xfe\xe2\xe1\xa1\xe1\xd5\x84$\x00\
\xd4!\x96\xa1\xee\x0f~\xf0\x03\x5cv\xd9eh$R\
Lq,\x1c3gmZ-g\xb1\x9bE\xe2\xc9g\
\xa4C\xe9u\xd6\xab\x06\x95\xcf\xee(j8\x8dE\xfe\
}\xb9Vv\x1e\xf0\xfcW\xfb\x07lO\x22\x1c|\xf7\
Z\x93\xcbzu\xf1\x22\xb7\x82\xe0<\xf1\x04\x1fO\xcb\
~\x0f\x84\xbe\xdf\xc1)\xf7\x8f\xfa4\xf3d7\xc1V\
\xda\x01L\x86\x90jo\x078\x80\x85]=\xa22\x8f\
I\xce^\x94~\xefv\xbb\xf8\xc6\xc5\x17\xe3\x9a\xab\xaf\
A\x1f\xac\x05\x00\x98<y\xf2\xf2\xddw\xdf}\xc9i\
\xa7\x9d\xb6\xec5\xafy5B\xe7\x09\xe3\x12\xd3\xf2\x84\
\x13\x00\x00\xb0\xdd\xdc\xd98\xe1\xb9/\xec\xee\xb9\xe7\x1e\
\xdf\x98\xb7\xdd\xbc\x1f\x87\x1cP\x22\xabL\x11\x8c\x10\x08\
\xabW\xae\xc4\x99\x8b\x97\xe0\x9e{\xefE\xd34\xea\x01\
\x97}\x01\x1e\x92\xab\x89\x9c\x99:\xc8\xf7\xac\x11\x89\x93\
\xbd\x19\xc5V\x96\xe9\xa2\x11+\xa9\x9e\xb4\xd4\xc5\xe6c\
\xc8\xcf\x16\xab\x16y\x89L\xfd\x03l\x02\x06\x0c\xa4\x9c\
a\xac\xcbf\xea\x03\xd0\xb6\xf8\x05\x01\xf3'p\xc6\xe0\
\x14MP\xa8?\x82\xb8jKn\xa7B\x9bh\xff8\
\x18\xee5\xbfN\xfc\xc0n3 \x15\xf2\xc5\xb44\xfb\
\xee\xca\x12Bj\xae@\xff\xbc\xc2\x10\xe5\xdd\xf9\xd9\x10\
\x02~\xf3\x9b[p\xe6\xe23\xb1a\xc3\xfdh\xcc\x0e\
\xd1\x12B\xc0\x82\x05\x0b\xae8\xe4\x90C.{\xe1\x0b\
_\xc8\xaf~\xcdk&\x9a-'\xa4<!\x05\xc0\xdf\
\xbe\xfb\xef\xf1\x9c\xe7>\x1b\xe7\x9d{\xfe\x1d\xfb\xec\xb3\
\xcf\xe9\xc3\x93&\xdd\x9b\xecg2X\x8d\x04;\x7f\xfc\
\xa3\x1f\xe1\xdb\xdf\xfaV\xfa=\xc6\xb4P\xe6\x97\xdb\x88\
\xf3\xa4\xce\xec\xa7(\xdd\xe0r*bk@\x91\x04g\
\xa9a{\xf1KG\x9c\xaa-\x81\xef\xd5\xf6[.P\
A\xbd5\xd7\xe5\x0aS\x8d_\xf6O\xfd\x88yy\xce\
\x96\x03\x91M\x1c\x86\x93GV\xc8\xda\xee~\xccKs\
d\xc2\x04^\x00p=\xaf\x9d/A>\xb3[<\xa0\
\x16\xaa \xe7FhU\xe9\xea\x1e\xd92\x82\xf3\xcf;\
\x1f?\xfd\xe9\xcf@\x08JJr~\x97)S\xa6,\
;\xe0\x80\x03O\xff\xc2\x17\xbep\xefq\xc7=\xf3\x09\
\x95\x08\xd4\x97'\xa4\x00\x00\x80\xcf|\xea38\xfeO\
\x9f\xc5\x0bw\xd9\xf9\xb2\x99\xb3g\xfd \xe5\x8a\xcb\x80\
\x92s\x0cy \xac]\xbb\x06\x8b\x16-\xc2\x1f\xfe\xf0\
\x07\x84\x10R\x1c\xb9NN\xb7\x9e^.\xce\x17\xd0\xda\
\xc7\x06\xc8\x12\x9b9\xc2\x05tsaW\xfb\xe5\xb7v\
z\xab\x9c\xd3\xcfC\xf9\x1a\xc7\x933$\xc8\xd6\xdd\xcb\
k\xd5\x9c\xcci\xff\x0a\x9b\xdf{\xe8a\xaf)A\xb5\
_'t7\x89\xb3\xb4p\xe4\xc9u\x07\x9d\xe0\xe8S\
\x80\x7f3Q\xb8\x10\x06bV\x11\x82k\x14\x01\x08M\
\x83\x1bo\xfc%\xce:\xfbll\xda\xbc\x09\x08&\x1a\
\xc5\x8f\xd3\x84\x86\xe7o7\xff;\x07\x1ep\xe0\x15/\
;\xe9e\xf8\xfb\xbf\x7f\xef#\xcb|\x8f\xa2\xf2\x84\x15\
\x00D\x84=\xf7\xdc\x13\x8b\xbev\xc6\xbd{\xed\xb5\xd7\
\xd2)S\xa7\xdc\x9d\xf0n\xd2b\xe2\x07`f\x5c}\
\xf5\xd5\xb8\xf8\xa2o\x002\xf9\xa30Tr@\x91x\
\xca+\x0f6y\xe1\x90\xb9\xda\x07\xdaA\xcd\x08o0\
\xbbe0\x00>b&\x99\x1d\xb5\xa6\xaa'\x0e\x17\x0e\
\xc7\xfc\x9a\xfcNR\xe1\x22S\x90\xc9-\xd9\xf9\xba\xfd\
r\xa06\x91P\xe6\x16vR\xaa\xa6\xaf\xf8=\x82\xb5\
\x91\xdd\xf2\x9f\x17\x9a&\xa8r\x9dQ\xfa\x0d\xc4\x84\xf9\
\x9dyE\x08\xd1\xda\x0e\xf5'\x00\x14\x02\xb6l\xde\x8c\
\xf3\xce;\x0f\xbf\xfa\xd5\xaf\x10\xa8\xc80\xaa-\x9d9\
k\xe6\xed\x87\x1cr\xf0\xe2\xcf|\xf6\xd3+\x0f=\xf4\
I\x13\xc9\x86\x13^\x9ex^\x0fW\xae\xbf\xeez\x9c\
x\xe2K\xb0\xdf\xbe\xfb\xac\xb8\xe3\x8e;\x0eX\xb7n\
\xdd\xc1\x00Q\xda\x18c\x93r\xcb\xc8\x08\xd6\xaf[\x87\
c\x8e9\x1as\xe7\xcdE\xec\xa5\x10\xde\xc4\xb36\xb3\
\xf3\xea\x7f\xd6:.\x99\xb7*\xd3<\x81\xc9l\xe0@\
\x84\xa1\xe1\xa1T\x9f\xda\xc80\xe1\x90\xebk\x09\x13\xb2\
\x8d3\xd0\x15\x08\xb8wA\xdfU\x0b&q\xc41G\
\x8c\x8e\x8eB\xb3\x04\x83\xc0\xc1\xe5.$\x9b\xe8\x85\xd8\
q\x93\xce\xd6\xeb\xfcw\x94\xdf\xb3\xcf\xc3\x87C\x84&\
`xh\xc8j.|\xa1\xf9^\x09\xef\xe5\xf4Y\xba\
\x93\x9a\x90\xd7\xfaU\xb2\x12\x02\x11\xae\xbb\xf6Z|\xe2\
\x93\x9f\xc4\xddw\xdf\x9d6\x18y@\x96\xc6\xab\xbb\xd3\
\x8e;\x9dy\xf2+_\xf5\xd5\xddv\xdbm\xcb'?\
\xf5\xa9\x89f\xc3\x09-OX\x04\x00\xa4\xc9\xfb\xd4\xa7\
>\x15_\xfc\xe2\xff\xb9\xef\xe0\x83\x0fY<u\xea\xb4\
e\x04F\xc8j:\xbaX\x94\x1b~v\x03.\xbe\xf8\
\x1b\x88\xbd\x98!i\x1d\x10C\xcal\xe9i\xf1\xb6W\
8\xdeig\xea7a\x9c&\xf6\x9es\xd1\xefjy\
\xf8\x97\xe92X\xbe\x87\xb5\x05@\x86\xe0D\x15hw\
\x82\xc2\x85\xeai8q\xed4c\xf26\xbe4\x22\xbf\
\x81\xd8\x22\x08=\xdc\xce\x8e:\x15 \x85o\xc3VG\
\xb4\x1d\xce\x8a\xb1~\xa0\x1dj\xe0\xa9\x9c\xd1\x0b\x81\xb0\
a\xc3\x06,^\xb2\x18\xb7\xdcr3(\x04\xb8\xa0f\
]\x05\x999s\xe6\xed;\xed\xb4\xd39\xefx\xd7;\
\xd6\xcd\xdbn\xbbG\x88\xd3\x1e\xbd\xe5\x09\x8d\x00\x00\xe0\
[\xdf\xfa6^\xfb\xda\xd7\xe0\xa0\x83\x0e\xba\xef\xe6\xdf\
\xdc\xb2\xdb\xfau\xeb\x0e\xa5\xc0A\x1db\x99\xd7\xba\xdd\
.\xd6\xacY\x83\xa3\x9f\xf2\x14\xcc\xdf~\x01b\x8f\xdd\
\xa69\xd2\x09\xcd\x12B\xebm^6\xfb\xd3\xdb\xe32\
q\x86:CiS\x8c\xd4\xa5\xda:\xad\xffS\xcc\xf5\
\x082\xc8mg/L\x80r2\xc9\xf3\xa2\xed\x9d\xb6\
V\xa5\xcd\xc0h\xb7\x0b\x8e\xd1~\x17K;\xcf\xd8\xd4\
\x0f\xdb\x98SLT\xf7\x14\xe4\xf7\xc2\xd6w\xbfW\xd6\
E\x08\x84\xe1\xa1!\x04rN\xba\xda\x95\xc0y)S\
\x1c\x82\xec\x05W\xe9\xc7\x08!\xe0G?\xbc\x02\x9f\xfe\
\xf4\xa7\xb1r\xe5\xaa\xbc\x8f#\xb7P\x92}\x840\xba\
\xc7\x9e{\x9e\xf1\xb2\x97\xbfl\xd1>\xfb\xec\xb3\xe5\xb3\
\x9f\xfd\xccD\xb3\xdf\x84\x97'4\x02\x902w\xeel\
\xbc\xff\xfd\x1fX\xb5\xfb\xae\xbb,\x9d6}\xda\xed\xbd\
(\x1brJ-\x7f\xe3\xaf~\x85s\xce;\x1f\xa3\xa3\
\xa3i\xb2G\xb7\xce^\xa8-\x8f\xc3\xdd\xc7>\x0e\xb4\
\xbe\x91\xb5>\xbc\x8d\xdd\x8d\xf5\xcd>\x86\xc0\x9ev\xa0\
\x83l\x99\xaf\xc8\x09`\xd6\xbb?\x83\xc4\xe9\xf4\x1c\x90\
\xe3\xd2\x98\xb3\x09;]bt\xbf\xf7\xf7\x04\xf8\xe6\x89\
c0\xdf]\xc5$\x98'\x9f\xb5\xc9\x0a\x17\x9c\xe7_\
\x9d\x80ro\xce\xe4\xbbn\xedZ,^\xbc\x18\xb7\xdd\
v\xbbj\x7f\x1b\x99T\xc7\x8c\x993\x7f\xb7\xd7^{\
\x9d\xfd\xf7\x7f\xff\xf7\xeb\x0e?\xfc\x88\x87\x89\x9b\x1e[\
\xe5\x09\x8f\x00\x00\xe0\xaa\xab\xae\xc6\xbb\xdf\xfd\x0e<\xef\
y\xcf]~\xe3\x8d\xbfZ\xb8b\xc5\xaa\xc39rS\
\xcf\xb7^\xaf\x87\x95\xabV\xe0O\x8e\xfc\x13\xec\xbc\xf3\
\xce\xe8e\xcd\x19B\x1d\xf3o^~\xdd\x1cTi_\
\x00\xd9\x07\x10044\xacY\x87,\x91\x08J\x14\xa1\
\xf0\xd8L\x89\xb6C0\xdb\xf1\x19\x89\xf8\xe4\x1f\x92\xd8\
\xd82\x00%3ft\xb4\x9b\xe2\xec\x1d\x84\x90\xe52\
\xb3\xfek,\x9e\xbd\xefD\xaein\xd5\xc05\xd7:\
,P\x9c\xd4a74<\xa4\xda\xd9\xba\xe7\xfa'\x8e\
K\x0f\xfd+\x08\xc2\x0c4\x14\xf0\x83\x1f|\x0f\x9f\xff\
\xfc\xe7\xb1f\xcd\xda\xf680\x10\x9af\xf3~\xfb\xef\
\xfb\x95\x7f\xfc\x87\xbf_\xbc\xfb\xee\xbbw\xdf\xf3\xde'\
\xae\xe7\xdf\x97\x01\x02\xc8\xe5\xc9\x87\x1e\x8a\xd7\xbd\xeeo\
6,X\xb0\xe0\xec\xc9\x93'\xfd\xb6o\x86/\x00\xb7\
\xfe\xeeV\x9c}\xce9\xd8\xb4i3B\xd3\x98\x0d\x9d\
\x9dT\xa1\xf6\xd4G\x99\x18\xd9G\x10\xbd\xa6\x85j\xc2\
\xf4\x19\xa6\xf4\xccb\xa8\x9c\x88\xd6\x1e]\x16\xd3Pa\
\xf5\xb8\x99\x00\xc9\xed\xb7\x98z7\x89r\xa4\x8f\xacH\
\xd8Z!@1\xd5\xc7\xd9a\xe9\xc3\xf0\xb5\xad\xf9]\
\xed$\x9f\xd6\x0f\xb1\xbdm\xde\xc6\x1c,dY\x8fl\
\xc5\x01\x1a{\xa0\xfb\x1a\xa4\xa7\x04\x0d\xa2\x92( \xce\
A?\xabV\xaf\xc4\x99g.\xc6\x1dw\xdcY\x90\xd4\
\x9b4\xb3f\xcd\xfa\xe5\xfe\xfb\x1dp\xd6\xf3O\xf8\xb3\
\xcd'\x9e\xf4\xb2\x89f\xb7GM\x19\x08\x80\x5c\xfe\xea\
\xaf_\x8f\x93O~\x05\x8e>\xfa\xe8\x1b\x16.\x5cx\
q\xd349u\x0c\x15\xf8\xb6\xdb\xed\xe2\xe2o|\x03\
W_{M\xde\xc2[\xf9\xaeTc\x93\xf9\x06\x00\xc8\
D\xb5\x98\x00=\xaf\xd2\x84HU\x899\x01s\xe1R\
\x19\xb64\xa27\xa2\xeb\xe8\x18\xa2\xf2z\xfeMc\x85\
\x0a0\xe1\x1d}\xf2\xdd9\xf9\x8a\xd7\xf8:\x05\xb8S\
%(\xa4%\xeexD7A\xcb%\x86\xaa\x1d\xec\x9f\
v\xbfe!A\x00\xae\xb8\xfc\x07\xf8\xd6\xb7\xbf\xe5O\
\xfd-R}M\x9a<i\xc3.\xbb\xeer\xf6\xf3\x9f\
\xf7\xdc_\xbf\xe5\xd4Sq\xd8\x93\x9f\xfc\x90\xf0\xcc\xe3\
\xa1\x0c\x04\x80+o>\xf5-\xf8\xe8G?~\xff\x81\
\x07\x1dt\xf6\x8c\x193nN\xbf\xb6\xad\xdb;\xef\xb8\
\x03K\x97,\xc1\xfaukM\x08\x14{\xdfY\xe1w\
r'\xc2\xc5\xbfC\xb2\x8c\xe7\xd8\x01\x81\xdd0\xa1!\
\x07\x8e\xe8$b[\x1c\x90\x0b\xb50(\xe6az\x09\
;\xb5m\xcbj\xe9\x01V8\xee\x04\x94[n\xd4w\
\xc1|{\x00'd\x80J\xbeP\xdd\x00\x03#.\x04\
B\xdb\x22\xe1\xbc6\x91\x81\x02b\x04\x93Wzz\x97\
\xa7a\xa6i \xc2\xf2\xe5\xcbq\xfa\xe9\x8bp\xf7\xdd\
\xf7\xf8\xb7g\xb2%_\xc3\xdc\xb9s\xaey\xea1\xc7\
\x9c\xfd\xff}\xf9\xcb#G\x1eu\xd4D\xb3\xd9\xa3\xaa\
\x0c\x04\x80+\xcf8\xf6X\xbc\xe1o\xde\x80\xe3\x8e;\
\xee\xe7{\xee\xb9\xe7\xf9\xc3CC[\xfa\xdd\xc7\xcc\xf8\
\xeew\xbf\x8b\x1f^\xf1C\x0c\x0d5N\x8dC'U\
\xb9\xe4\xc5\x80s\x18\xfa\xbd\xec\x16f[\xed\xffw\x9a\
\x93\xd8\xe08\xe0\xe7J\x16\x1e\x15\x1c/\xeco=\xbd\
(\xeb\xeaH&Y\xf4=%r\xb0,?T\xdcS\
\xd8\xe3j1\xd4fIj`a1\xd4\xb1\x08\xe8'\
0\x9co\xc2?\xab4\xb7~\xb2.i0\xbe\xf3\xed\
o\xe3\x07\x97_\xde\xef\x0903\x86'MZ\xbf\xc3\
\x8e;\x9e\xf5o\x1f\xf8\xd7\xdb\x8ez\xcaQ8\xe5\x94\
S\x1eQ\x9ez\xb4\x97\x81\x00\xa8\xca[\xde\xfc\x16\xfc\
\xd3?\xbeo\xf3\x9f\x1cy\xe4\xd93g\xcd\xfa\xe9X\
\xf7\xdd{\xef\xbdXz\xf6\xd9X\xb5j\x0d\x86:\x9d\
j\x09\xce9\xb6\x84\xe9\x8b\x10@*\xe6^2\x93\xcd\
\x09\xd8\x9a@\xa8=\xf1\xd0\x0f\xb5S\xb1\xe5\x81\xab|\
h\xe5*\x1d\x97S\xd1\xc5\x03T2!\xd5V\xf8\x1e\
\x92\xc3\xce\xef_\xe8\xe3\x09\xc8\xcfS\xab2\xce\x15R\
\xddv\xf9\xaar\xd0n\xd0U}\xce\xc9>\x96-\xc3\
\x92%\x8b\xb1b\xc5\x8a\xb2]\xda^\xc2\x82\x05\x0b~\
|\xe8\xa1\x87~\xf3\xaf\xff\xea\x94\xde\xd3\x8f}\xfaC\
\xc9*\x8f\x8b2\x10\x00U9\xfc\xf0\xc3\xf1\xba\xd7\xbd\
\x0e\xcfy\xf6\xb3o\x9a?\x7f\xfe\xb9\xc3\xc3\xc3\xf7\x8f\
u\xef\x15W\x5c\x81\xcb\xbe\x9b\xb6\x0b\x07\x0a\x9a\x82\x8a\
\xfc\x04\x15F\x16g\x98\x83\xbb>:\xce\x0b\x0f\x16\xb8\
.(A\x84\x0b\x8bw\xd04*\x90\xe1\xb4\xdb\xe8\xa2\
H!\xef\x0a\xf4f\x03\x1c\xca\xf0\xee\x0a\xd1\xa8\xfe\xb4\
\xbd\xe2\x0c\x01\xdd\xec\xe4\xdfm\xb3^M\x1e\x9f\x17\xc1\
\xafF\x80\xdc\x1a\xbe\xad.\xf4\xd3\xf6\x1e\xfa\xcb\xbd\x94\
%\xa0l\xc4\x8a\xb1\x87o^z)~\xf8\xa3\x1f\xb5\
\xc6E\xea\x1c\x1e\x1e^\xb1p\xe1Ng~\xe5\xcb_\
\xb9\xed\xcf\xfe\xec\xcf\xf0\x97/~\xc9D\xb3\xd7\xa3\xae\
\x0c\x04@\x9f\xb2\xff\x81\x07\xe2S\x9f\xf9\xf4\xc83\x9e\
\xf1\x8c\xf3\x17,Xpm\x1dE'e\xe5\x8a\x15X\
\xb4h\x11\xee\xb9\xe7\x1e\x0c\x0fw,\x15Xv\x9a\xa9\
w\x1dT8\xa5\xe4\xff\xec\x9dU>[\x8e\xff\x0a8\
ab\xcb[m\xb5\x0f\xb8\xd9X\x16\xf1+\xf8\xba\x0a\
0\xee\x97\xfc\x9cW\x90MJ\xb0\xab\xbb\xb2@\xda/\
d\xa7\xb7]\xe0\x93Ny\xf9lk\x93%2P\x88\
\xefW\x02\xcc|\xeat\x02\xfep\xdb\xefq\xc6\xa23\
\xd2\xb2_n\x98\xbf7\x84\x80\xed\xb7_\xf0\xc3]v\
\xd9\xe5\x9bO~\xf2\xa1q\xc7\x1d\xb6\x7fx\x99\xe61\
Z\x06\x02\xa0Oy\xc7\xdb\xdf\x8e\xe7<\xe79\xf8\xd8\
G?|\xeb\xce;/\x5c4<<\xbc\xaa\x0c\xa3\xb1\
\x7f~r\xf5Op\xe97\xbf\x99O\x10\x0a%E\xd5\
\xd9\xc5\xe5\x84f\x94\xb51\x8a\xa5C\xdd`$7\x88\
\xe6\x96\xfd\xb0\x85\xf3\xbfZe\x00\xd4;\xae\xba\xdc\x9b\
\x15\x8a\x1a*\xd3@\x16\x0b\xc4D\xd1U\xc5\xcaX\x90\
\xe5A\xc0lq\xbf\x02\xe9\xe6\xb3-cZ\x8e\xbf\x96\
\x99PGL\xc2\xed\x94d\xeb\x1d\x18\xe9p\x110\xba\
\xa3#\xf8\xfa\xd7\xbf\x8ek\xaf\xb96_\xb2\xdeJ\x99\
:u\xca\xb2\x83\x0f:\xf8\xf4%K\x96\xde\xf3\xb2\x93\
N\xc2KN|\xe9\xc41\xd4\xa3\xb8\x0c\x04\xc0\x18e\
\x8f=\xf6\xc0\x0b\xff\xfcE\xbd}\xf6\xd9\xe7\x9bs\xe7\
\xce\xf9q}\xb0\x87\x94\xb5k\xd7b\xc9Yg\xe1\x0f\
\x7f\xb8\x03CCC\x85\x9d\xec\x97\xdbm\x12\xc3\xf6\xb5\
{O\xbb\xda\x09\xb0\xa0?\xbf\xba\xc7\x06\xed\xe5lB\
\x09W\x06K\x00P\xd6\xe7\xd1\x96\xe2\xd2+\xf2\x04\x0c\
\x85\xb8@\xe1\xe4\x13\xb3B\x9d\x8aP\x07\xa2v@5\
9\xeb\x0c%\xd7\x16\xefP\x88\x9a\x8c\xc4wB\x9c\x99\
F?\xb7X\xa0\xc9F,\xbe\x1f\xa0\x1c\x87\x109%\
d\x0d!\xe0\x96\x9bo\xc1\x92%K\xb1\xe1~\xb1\xce\
\xca1!\xa28c\xc6\xcc\xef\x1cp\xc0\xfe\x97\xbf\xf4\
\xa5'\xf2?\xff\xcb\xff\x9ahvz\xd4\x96\x81\x00\x18\
\xa3\xbc\xfe\xf5o\xc0[\xdf\xf2\x16\x9cv\xda\xd7\xfep\
\xd0A\x07\x9d1u\xea\xd4{\x8b\x1b2?S \x5c\
{\xed5\xb8\xe8\xa2\x8b\x11cbP\xc9-(\xa5H\
\x82\xcb}4\xafBl/d\xea5\xfb49-6\
\xc0UT\xaf\xef\xbb\x9a\xfc\x17C\x19n\x82\xd5}R\
5\xee\xbd\x80T\xac\xd2\xd5\xaf\xd4S\x0f]\x85\x84Z\
3\x97\xef\xd6\x80\x1f\xdf\x06\xf25\x9a0\xd4\xcceD\
\xe8\x8e\x8e\xe2\xfc\xf3\xcf\xc7\xcf~\xfe\xf31\xc7n\xe6\
\xcc\x99w\xee\xb7\xdf~K?\xf3\xd9\xcf\xdd7g\xce\
\x9c?\x86\x0d\x1e\xf7e \x00\xc6)\xafz\xf5k\xf0\
\xe2\x17\xbf\x88\x0f:\xe8\xe0\xef\xce\x993\xe7\xbbDT\
\xab\x1a\x84\x10p\xff\x86\x0dX\xbat\x09n\xfd\xed\xef\
0<4\x9c6\xa2\x14Kh\x02\xb9I\xb3h\xf9\x15\
\xc2t\xdd\xaav\xab\x5c\xf9=\xf6\x8f\x84\xfa\x96AF\
\xf9\xbaLp7\xaa\x0c\x0bF\xf4\x8bpuJ\x10\xcb\
\x0c\x94n\xd3c\xb62J\xf1\xbex\xdf\x1a\x99\xc5.\
\x17\xa8\xaetXf \x17\x96,(#Or\x8b'\
(\x03\x9fl\xb5#\x9b\x04!`\xa83\x84_\xdft\
\x13\xce=\xef\x5cl\xde\xbc\x19^|I\x17C\x08q\
\xfb\xed\xb7\xff\xe6\x8b^\xfc\xa2\x1f\x9dz\xea\x9b\xf0\xe5\
/\x7fe\x82\xb9\xe8\xd1]\x06\x02`\x9cBD\x983\
w\x1e\xbe\xf0\x85/,\x9f;w\xee\xe2i\xd3\xa6\xdd\
\xe5\xae\xaa\x8d\xdft:\xf8\xf9\xcf~\x86s\xcf;7\
m\x14\xca;\xfb,u\x98\xcb\xcf\x07\xb7\x0c\xe79\x1e\
Y\x93:\xbbW\xe5\x80\xcc\xce\x1cB\xdb\xf2\xb9\x99\x99\
\x8f2\x95P\xae\xd7\x0cz=+@o\xd0\x14\xbf\xce\
\x9e\x07ZNK\xdfm\x7f]\x9dvu\xc6\x1f\xbf$\
\xd9\x024\xfe\x82\xebk\x15\xe7\xc0T\xc64l\xda\xbc\
\x09\xe7\x9d{.~\xf5\xab_\xb7\xc6J^1c\xc6\
\xf4\xdbw\xdca\x87\xb3\xff\xf6\xdd\x7f\xbbf\xe7\x85\xbb\
<\xf2L\xf3\x18+\x83\xcd@[)?\xbb\xe1\x06\xbc\
\xeeu\x7f\x8d?9\xf2\xc8\xfbn\xff\xc3\xed\xbb\xacY\
\xbb\xe6\xc9\x00\x07\xd9\xe0C\x044D\x18\x1d\x19\xc5\x8a\
\x15+p\xccS\x9f\x8a\x1dv\xd8\x01\xddn\xd7\xec\xe2\
6\xc6\x85H\x83\x907\xc5\x84\x10\x9c\xa6\xcd\xba\xde\x16\
\xb4\xe1AuQ\x1b\xf5\xab\xd9\xed\xe2\xf3\x1aX\x8f\xca\
\xce\x09J\x19\x18\x91\x84 r\xcc\xb0=T\xb6\xc5\xbf\
P\x1d\x1d\xac\x1bv\xc8\xcf\xe9\xf62\x84\xd5\x9d\xbf\x87\
\x10\xb2\xcf$\x14\xbe\x90\xa2\xdf\xfa$#P\xc0\xf5\xd7\
]\x87\x8f\x7f\xfc\xe3\xb8\xfb\x9e{\xf2\x06\xab\x92\x1eM\
\xd3\x8c\xee\xb9\xc7\x9e_{\xfd)\xaf?m\xdf}\xf6\
\x1d\xf9\xc8\xc7>:\xd1\xec\xf3\xa8/\x03\x04\xb0\x0d\xe5\
\xc0\x03\x0f\xc0\x87?\xf2\x91\xd5s\xb7\x9b\xb7d\xda\xd4\
\xa9\xb7\xa5\x08\xde\xeci\xcf'\x05\x85@\xb8\xf9\xa6\x9b\
p\xd6Yga\xcb\xe6\xcd)&\xa0p\xbb\xbbP\x16\
\x8dr\xa9\xa2\xe1`\xcb\xfc\xb2\xfe\xcf$\xeb\xf9P\xc4\
\xa1\xd7C\xa91e\xe6\x04.\xa5By\x9e\x06U~\
\x08\x8b\x0f\xf0VA\xa9\xb4\x1d\x94/\xe0\x86\xac\x04\xd8\
\xc1\x9f\x16\x1f\x10\xcb\x0e\xd5\xc2A\xfd\x18n}\x85]\
\xee\x025I$\xd9\xc7\xfdX\xbcd)n\xf9\xcdo\
 Y\x9c\x81\x12X\xcc\x9c9\xf3w;-\xdc\xf9\xac\
S\xdf\xf2\xe6\x0d\x87<\xc1S}mk\x19 \x80m\
(\xdf\xfe\xf6w\xf0\xe2\x17\xff9v\xdfm\xb7\xfb\xee\
\xbf\x7f\xe3\x0e\xabV\xad>\x82\xc0\x1d\xef\xe9\xa7\x00t\
G{X\xb1r%\x9e\xf2\x94\xa3\xb0\xcb\xce\xbb\xa0\xdb\
\xed\x95\xcbX\xde\xc9\x95\xbd\xe9\x81\x02:C\xc3\x8e\xa9\
\xb9X\x8a\xd3g\x15\xde\xbb\xf5\xf8<\xa1\x03\x00\x0e%\
\xea\xce\xc1\xf3\xe9VJ\xdf\x99\xc5\xfa\xceP\x9f\x19\xdd\
\x91\x91t\x08\xa8\xb6\x8c\xf4\x19wj\xb8\xb6\xa3uJ\
\xb0\xa6$\x87\xc6\x1ap\xc8\xf0\xdd\xedN\xcc\xb6\x8c\x06\
\x08\x09\x02H\xdb\xa0\xdd\x8a\x81\x081G\xb3\x10\x02\xae\
\xfa\xf1\x8f\xf1\xe9O\x7f\x1a+V\xacp\x00\xc4\xf4\xff\
\xd0\xd0\xd0\x96\xfd\xf6\xdd\xf7\x7f\x9eu\xfc\xf1K\xf7\xd8\
}\xf7\xd1\x0f|\xf0\x83\x13\xcd6\x8f\x892@\x00\xdb\
X\xfe\xe6M\xa7\xe2+_\xf9\x9f\xfb\xf7\xd9o\xbf\xb3\
\xa6N\x9bz#1\xa3\x01,m6\x03\xa1!\xdc\xfa\
\xbb\xdfb\xc9\x92\xa5\xb8\xff\xfe\x8dE\x96\x1f[\x92\xf3\
\x93\xc2M6\xf3z\xb9M?~\xb9\xd05F\x96\xe0\
\xf25=k\xc0\xfb\xe7tY\x91\xda\x0a^\xb4uU\
\xa5w\xd4I\xbb\xfa\xf9\x1b\xcc\x0a(\xfd\x11\xeaj\x90\
~z\x7f@\xcej\xe4\xc1\x09\x15\x95\x0a\x18q[\x87\
C\x9a\xfc\xeb\xd6\xad\xc3Yg\x9d\x85\xdbn\xbb-\xad\
\xb2\xb8F\x0b\x12\x9b1c\xc6\xcf\x0f>\xf8\xe0\xb3>\
\xf4\xe1\x0fo|\xcf\xdf\xfd\xddD\xb3\xcbc\xa6\x0c\x04\
\xc06\x96\x17\xbe\xe0\xcfp\xc2\x0b^\x80\x1dv\xdc\xf1\
\xe7\x0b\x16l\x7fagxx\xb3\xd7\xea1\xc3\xf4^\
\xec\xe2\xc2\x0b/\xc4O~\xf2\x13t:\x8d\x06\x02I\
\xe4\x9f\xd9\xe1\x1e\xbc\xca\xc1\x16n\x9d\x9c\xcc\xb3\x8e|\
j\x91\xad\xcee?~\x9e8rL\x99@\xf7\xfa\xbb\
\xca\x9c(v3\xa9\x12/\x96\xee\xbc\xa9\xc0~\x85\x81\
Rp\x12AO<\xb1C@\xe5\xd9\x8c\x04\xb2+\x01\
b\xb6\xf8\xc4\x9eNJ\x95ND\x8bB\xf2\xc1\x81\xb2\
\x12q\xd5UW\xe1\xc2\x8b.B\xaf\xd7\x83,\x11\xca\
\xb2 \x11a\xd2\xe4\xc9\x1bw\xd9y\xd7s\x8ey\xca\
Sn|\xdd_\xfd5\x0e9\xf4\xd0\x89f\x97\xc7L\
\x19\x08\x80\x07P\xf6\xddo_\x5cv\xd9w6\x1fu\
\xccQ\xe7\xcf\x985\xeb\xe7Q\x83`\xdc\x9a5\x02\xee\
\xb8\xf3\x0e,Y\xba\x04\xeb\xd6\xafG\x08\x94O\xb6M\
u\xc8\xb6Z\x140\xdf\x85\xe7T\xe8Z+\x06tI\
L\x97\xf3T\xf3'\xbc^lJ\xf4\x0d\x97w\x17Q\
\x8a\xd4\xbe\xcf\xad\xff\xeb\xaa\x85\xa0\x11\x97\xba\xbc\x5c\xa1\
d\x87\x08\xca\xd8\x04'\xab\xea\x1c\xa3\xaeQ(W\x0a\
*Sg\xd5\xaaU8\xf3\xcc3q\xc7\x1dw\xe8\xf1\
\xedl\x0d\x03\x03\xd8n\xbb\xed\xaey\xe6q\xc7\x9d\xff\
\xd5\xaf\x9d>r\xf8a\x87M\x1c\x83<\x06\xcb\xc0\x07\
\xf0\x00\xcaO\xae\xba\x0a\xaf|\xf5\xc9x\xf6\xf3\x9e\xb3\
\xfa\xe7?\xbda\xd6\xca\x95+\x9f\x1a{<$\xc7S\
\xa49\x1d\x10#\xe3\xbe\xe5\xcbq\xe0\x81\x07a\xef}\
\xf6F\xb7\xdb\xad\xfd\xff\xd9r'\xf3\x01\x84\xc6\xad\xb9\
\xbb\xb3\x06\xc4\x1b\x08\xe8VY\xbf/^\xd3r\x159\
\xf7\xcdQg\xa9\xc8\xa5\x02\xd2\x8d\x89\x91\x19\xa3#9\
)\xa8\xc2~\x0f\x07,=\xb8\x0f\x5cl\x87\x1d\xb1C\
\x11n\x85\xc0\xb5\xc3g\xf4d0\x9a&\xa5B\xa3\xbc\
g\xc2\xa7\x0c\xf7\xda\xff[\xdf\xfa\x16\xbe\xf8\xef_\xc4\
\x86u\xebr\x9e\x7fY\xb9L\xd7\x87:\xcd\x9a\xddv\
\xdd\xf5\x8b_\xf9\xd2W\xbe\xb3z\xf5\xaa\xf8\x0f\xef\xfb\
\xc7\x89f\x93\xc7T\x19 \x80\x07X\xfe\xfd\xb3_\xc0\
\x7f}\xf1?\xb6\x1c\xfb\x8cc\xcf\x9f\xbb\xddv\xd7\x81\
\x09A'E\xd6\xc4M\xc0\xddw\xdf\x83Eg\x9e\x89\
U+V\x22P@\xecq>~K\xa0k\xa9I\xab\
<VV\x5c\xce\xbc\x22\x95\xb7;\xa2W\x1f\x11\x97\x83\
d\x11&\xc9\xef\xc7j\x8a\x03^{\xe7o\xee\xc0S\
I\xb6\xa97\xa8V.'\xbe\x17\x08\xde\xcf\xa0\x08B\
ha\x1d\x81\x9329\x08\xa8\x8e8\x94\xc5\x91\xf4\xdb\
\xf2\xe5\xcb\xf1\xb5\xd3O\xc7=w\xdf\x8d\x06\xc1-\x18\
X]\xf3\xb7\x9b\x7f\xfd\x01\x07\xec\xf7\xcd\x93^~b\
\xf7\x99\xcf}\xe6D\xb3\xc7c\xae\x0c\x04\xc0\x03,D\
\x84\xe7>\xe79\xf8\xf8'>\xfa\xbb\x85\x0bwZ\xda\
\x99\xd4Y\x17\x8bH9\x80rV\xe1\xcb\x7f\xf0}|\
\xef{\xdfC  \x9d)\x88\xd6R\x18\x11\xc3\x02`\
J\x0f\xbf\x8f\x12d\x9d\x9c\x92K\xc0\x90\x81\xda\xf1\x92\
\xadG\x8f\xf8\xce\x93,\xb8\xb0_j\xf7I\x13\xf5F\
\xb7\xa3N\x9c\x9b\x85\xc7\xcd\x990\x10\xff\x82\x13Z\xce\
\xc9\x17\xd8\x09\x18\xd8\x8b\xeb=\x03zE\xfa\xca)\xe0\
)\xf6\x22.\xb9\xe4\x12|\xff{\xdf\x033\xd0C@\
t2\x929b\xd2\xf0\xf0\xda\xddv\xdbm\xe9\xa23\
\x97\xde\xf6\x97'\x9e\x88g>\xfd\xf8\x89f\x8f\xc7\x5c\
\x19\x08\x80\x07Q\xb6\xdf~\x01\x16\xcc_\xd0\x9d3g\
\xd6\xc5s\xe6\xce\xb9Z3\xf3\x00\xf0\x1au\xe5\xca\x95\
X\xb2t)\xee]\xbe\x1cMN\x1a\xa2\x07T\xd6F\
q\x01\xa1\x05O\x08\x84\xceKg\xc8SZ\xd7\xe4\xdd\
\x83pN\xbc\x9cj\xcc\x90\x03\xb9\xfb\x1dZq\xdf\xec\
\x97\xfc=\xdaG]\xf6w\x1aX\x1d\x94\xfe0\x92\xca\
6\xf0;\x0a57\x81\xde\xcb\x8ad\xe4\xb1\x98\xb7\x0e\
\x87&\xe0\x0f\x7f\xb8\x1dg\x9c~:V\xae\x5c\x09\x80\
\xd4\xa7\xa8-\xa0\x80y\xdb\xcd\xbbr\xfb\x1d\xb6\xbft\
\xef\xbd\xf6\xec\xed\xb1\xe7\x9e\x13\xc6\x0f\x8f\xe52\x10\x00\
\x0f\xa2\x9cr\xca\xdf\xe0]\xefz\x17\xbe\xf9\xcd\xef\xde\
\xbe\xf7>\xfb\x9c9<<\xb4\xb2\x08\xf8q\x99~\x7f\
|\xd5\x8fq\xd9e\xdfEh\x08\xa4\xe9\xc3\xd3\xad4\
F\xfd~G\x1e\xb90]Y\xa6k;\xfbd\xf9\x90\
\xec~=\x0f\x80P,\x07\xc2&z\xe9\x00\xcc\xbf9\
-n\xab\x17\xe42\xf4\x14\x95\x94?z\xd4\x02\x8f&\
\xccq@\xb2\x12\x22\xcdsAOi\x05\x84\xd0\xedu\
q\xe1\x85_\xc7\x8f\xaf\xfaqz\x9c\x18D1!\xa5\
\x8c\x84&O\x9a\xb4\xfc\x80\xfd\xf7?\xfd\xdcs\xcf\xfb\
\xc3\x1b\xdf\xf4F\xfc\xf9\x0b\xff|\xa2\xd9\xe21Y\x06\
\x02\xe0A\x96\x0f~\xf0#8\xf6\xd8\xa7\xc7\xf9\xf3\xb7\
\xfb\xd6\xf4\xe9\xd3\x7f\x0cX<\x80W\x84k\xd7\xac\xc5\
\xd2\xa5g\xe1\x9ee\xf7`\xa83T\x84\xddG\x1f\x0b\
\x003\xeb]H\x00\x8a\x8f!;\xe6\xa8\xbc\xae\xc5\xf9\
\xefl\xcbn\xa5qa\x13\x8f\xeb\xb0]o\xf3\xfb\xef\
\x88`\x8a\xe9\x81X\x09\x02o\xa6\xb8U\x80\x02\xeaS\
y\xb4yJ\x12\x92 \x86\x1a4\xb9AM\x08\xb8\xe5\
\x96[p\xe6\x99\x8b\xb1a\xc3\xfdNXEP\xb0\x05\
\x829s\xe7\xfcp\x8f=\xf6\xb8\xecE\x7f\xfeB\xfe\
\x87\x7fx\xdfD\xb3\xc3c\xb6\x0c\x04\xc0\x83,D\x84\
\xe7>\xf7y8\xe7\xec\xf3\xee:\xf8\x90C\x96L\x99\
2e\xb90u]\xae\xb9\xf6:\x5cr\xc9\xa5\x08\x84\
\x9c6,\xc7\xb9\xc8w\xbf!\x87\xbc\xb6\x17x-\xcb\
\x8c\xf9_\x87\x87}\xdc\xbf\x1e%\xe6}\x03\xda`X\
0\x92{]\xaeD\xef\x17\xeb\xbe\x5c\x82d\xe7\x17\xb4\
\xb8\x06y\x94a\xa9\xbat\x99\x0e\xac\xe7\x0c\xca=\xa2\
\xfd5\x13R\x85*B \x8cn\xd9\x8cs\xcf\x92\xab\
?6\x00\x00$\xfdIDAT>\x1b7\xfc\xec\x06\
\xd7\xc9t\x84Z\xc8\xe1\x89\xd3\xa6M\xbb\xfbIO:\
\xf4\xcc\xff\xfa\xd2\xffw\xef\xb3\x9f\xfb\xdc\x89f\x85\xc7\
t\x19,\x03\xfe\x11\xe5\xb2\xcb.\xc3\xd3\x9ev\x0c\x8e\
<\xe2\x88\xe5\xbf\xfd\xedo\xf7\xdd\xb0\xe1\xfe\x83\xd0\x07\
\xd9\x8f\x8c\x8c`\xc3\xfa\xf58\xee\xb8c\xb1\xdd\x82\xf9\
\x00\x80\x10\x1a\x84\xa6A\xd3\x04\x04j\xc0\xcc\x88\x1c\xd1\
\x8b\x11\xcc=Dfp\xec\x819\x22\xc6\x98\x8e!\xe3\
\x08\x8eQ\x7f\x8by\x1fB\x8c\xf9\x1e\xe6|o\xbe\x16\
\xed\x9a\xd6\x1d#bO\xde\x93\xea\xa5@\xa9-\x14\xd0\
\x84\x80\xd0\xa4\xecF\x81\x9a\x9c\xdf \x7fo\x9at\x0a\
R\xd3\xa4\xf6\x87\xb4\x8c\x99\xcc\x9a\x9c\x1714\x9a\x1d\
)\xe4\xed\xd2\xe4>\x07\x22P\x08\xba\xfc\x17{\x11\xb1\
\xd7C\x8c=t\x9a\x06\xbf\xf8\xf9\xcf\xf1\xb1\x8f\x7f\x0c\
w\xde\xb5\x0c(\x88\xa9\xcb\x9dq\x87\x1dw:\xef\xcf\
^\xf8\xc2/}\xf5\x7f\xbe\xba\xf1\xe3\x1f\xff\xf8D\xb3\
\xc1c\xbat&\xba\x01\x8f\xe5BD8\xf9\xe4W\xe0\
s\x9f\xfb\xc2=\x87\x1fq\xd8\xa2u\xeb\xd7\x1f\xbba\
\xfd\x86\x85\xfd\xee\xbd\xee\xfa\xebq\xde\xf9_\xc7\xdf\xfd\
\xdd\xdfb\xd2\xa4I\xb6\x1c\x08`\xcb\xe6\x11t\xbb]\
X\x10N~\xa8\x88\xc5\xf7.:S\xd9\xa4\xd0\xda\xad\
\xd3\x95\xde>x\x0d\xae?GF\xd34\x982u\x0a\
B\x13\x8a\xe5\xbe\xe2\xc6:\x13R\xed;T3\xa1\x0c\
\x0f\x92\x90\x1d]Zt\xcd\x8a\x88\x18\x19\x19\xc5\xfd\xeb\
7\xe4c\xc9\x08\xa1\x09\xd8t\xff\xfdXt\xc6\x99\xf8\
\xd5\xafo*\xdb\x0a(j\x985k\xe6\x1f\xb6\xdf~\
\xc1\x19\xef\xff\xb7\x7f[\xf1\xb7\xef\x19\x84\xfc\xfe\xb1e\
\x80\x00\xfe\xc8\xf2\x8b_\xfc\x12\xef\xfe\xdbw\xe1\xb9\xcf\
}\xee}7\xdft\xd3n\xabV\xad>\x94\x99[\xa6\
U\xb7\xdb\xc5\xaa\xd5\xab\xf0\xd4\xa7>\x15;\xed\xb4\x13\
\x00V\xf8?:\xdaE\xe4\xa8\xf0\xd8\x22gY\xe1s\
\xcc\xdf-\x86\xd6l\xfa\xa8\x9bi,\xabo\xbe\x00\xd9\
\xf4\xa3i\xc4\xd4\xce\x8f \x0a\x18\x9e<\x09M\x90\xa0\
$\x02\x02\xe5\xc8\xe3\xa4\xa9AY\xcb#]\xa3\x00\xcb\
\x80\xac\xf7\x07\x0d\xceI\x8e\xce\x14\xaf\x9fl\xf6\x80\x80\
\x90\xeb6\xa7f\xec\xf6\xb0e\xcb\x16\xc8a\xa0\x93\x86\
\x87q\xcd\xd5\xd7\xe23\x9f\xfd\x0cV\xac\x5c\xd9\x97\xd6\
M\xd3\x8c\xee\xb3\xcf>\x8b\xde\xf4\xe6SO;\xf0\x80\
\x03F>\xfd\xa9OO\xf4\xf0?\xe6\xcb\xc0\x07\xf0\x10\
\x94\xfd\xf7\xdf\x0f\xa7\xbe\xe9\xcd\xab\xe7m7o\xf1\xf0\
\xf0\xf0\xef\xc7\xba\xefW7\xde\x88%K\x96`\xe3\xc6\
\x8dySK\x9aX$1\xf0\xeeP\x11q\x0dJ\xae\
\xc0V\xd6/\x0d\x85\xf5\xe9\xc0m\xbd\xc0\x22\x86\xf2o\
!ON\x08d\x97\xeb\xd9^W\x9f\x00\x17\x1e|\xaf\
\xc9\x13\x92p+\x02\xb2\xbf\x00\xe5\xa1&\x5c\xfb\x08\xc8\
\x04\x93hrv\xb0\xa0i\x026n\xb8\x1fK\x97.\
\xc5\xefo\xbbmL:O\x9e2\xf9\xb7;\xec\xb4\xe3\
\xd27\xbd\xe1\x8d\xeb\x8f|\xca\xe0\x84\x9f\x87\xa2\x0c\x04\
\xc0CP\xde\xf4\xc67\xe3\x84\x17<\x1f\xbb\xef\xbe\xfb\
5\xbb\xee\xb6\xeb7\x86\x86\x86\xbav\xd5\x16\xecFF\
Fp\xdey\xe7\xe1\x86\x1bnp\x890,j\xce&\
\x1aT[s\x81\xac\xd9\xff\xe3N\x0a*\x03\x82\x8a\x03\
D\xf4z\x8e\xd9\x97I\xaa\xd5Zx\xae\xf7\xdcs>\
\xf4C\xea\xd1\xf5|.\x8c\x90\x22\x90P/\xe4\xd0_\
\xf6f\x0b\xb9{\xd9\x1c\x85\xcc\xc0P\xd3\xc1U?\xb9\
\x0a\x97\x5cz\x09b\xacW\xfcS\x19\x1e\x1e\x1a\xd9c\
\xf7=\xbe~\xe0\x01\x07^\x7f\xe2K_\x8a\x97\xbdd\
\x90\xe5\xf7\xa1(\x03\x01\xf0\x10\x95\xb7\xbe\xf5\xcd\xf8\xda\
i\xa7o\xd8o\xbf}\xcf\x9a2u\xcao\xedJ\x19\
\x80{\xeb\xad\xb7b\xc9\xd2\xa5X\xbfa}r\x84\xb9\
\x85u\x99(c\xad\xf2\xc9\x1aa\x01\x06\xf2Cz\xa6\
\x9f\x8f\x14\xac*\xf0\x11\xbe\xfe\x13\x99$\xb2\xdf\xe4\x00\
\x0eF:\xd6\xcc\x1f\x17\xe6Z\xc0\xd5F!\x89\x06\xd6\
\xe3@X\xbc\xff\x94}\x16.\x06\x9a\x81\xa6\xd3`\xfd\
\xba\xf5X\xba\xf4,,\xbb\xfb\xee1\xe9;c\xe6\xcc\
_\x1c~\xc4\xe1g}\xfes\x9f\xdb\xf8o\xff\xfa\xaf\
\x13=\xdc\x8f\x9b2\x10\x00\x0fQ\xf9\xf3\x17\xfe\x05\xde\
\xfe\xce\xb7\xe3y'<\xef\x86\xddv\xdb\xfd\x82N\xa7\
3\x22\xd7|\xd0N\xb7\xdb\xc57\xbeq1\xae\xbb\xf6\
\xba\xfc[u\xbc\x17 !\x7f\xad\xa3\xc0\xc8\xc5\xd9\xea\
\x04sq\xb4\xfeT\xa2\x22\xbc\x96(-!:YT\
\x9cJ\x04\x13\x05\xed\xe2\x1d\x8a\xb6vg\xdby\x055\
Hz\x94\xd6\x9a\xa2\xd5\xee\x02 9/5v:\x1d\
\x5c~\xc5\xe5\xf8\xde\xf7\xbfgfAU:\x9d\xce\xc6\
\xd9\xb3g\x9f{\xc0\x81\x07\xde\xf8\x8a\x93_\x89'=\
i\x90\xed\xe7\xa1*\x03\x01\xf0\x10\x96\x8f|\xf8\xa3x\
\xeb\xa9o\xbb\xff\xa9\xc7\x1c\xbdh\xee\xdc9?\x93\xdf\
K\x0c@\xf8\xfd\xefo\xc3\xe2%\x8b\xb1v\xed\xda\x14\
\x10\x04\x8b\xed\x97\xf4_r\x94\x18\x00\x1b%\x16!\xe0\
\x83\xefap\x81a\x1bl\x98\x92}\x9e!\xb9\xf8\x06\
\xfa\xa3\x8c\x1a\xc3\xb7'\xa2\x0a\x085+\x9c\xef\x00\xc8\
NI6\xb3&\xc3\xfc\xe8\xde\xa5&K\xeeo\xa7\xd3\
`\xd5\xca\xfb\xb0\xe8\xccE\xb8\xe7\xde{\xd1\xaf\xe4\xf3\
\xfd\xae\x7f\xe6q\xcf<\xe7\x92\x8b.\xde\xbc\xfb\xee\xbb\
O\xf40?\xae\xca@\x00<\x84e\xe6\x8c\x19x\xe7\
;\xdf\x8e\x97\x9et\xe2M\xf3\x17,8ghxh\
c}O  \xf6z\xf8\xc67\xbe\x81+\x7f|%\
\xdc\xccE\xa1m\x19\xe0\xe0\xc2\x02);\xd3\x88=\x82\
v&\x01\xb9\xf9\x99\xb51\xd9\x84,R\x85\xfbp_\
\xa8\x02\x1f3\xb2P?\xcb\x8b\xab{[\x08\xc6EC\
\x12\xdc\xbb\xf2K(\xaf\x22\x0c\x0d5\xb8\xec\xb2\xef\xe1\
GW^\xd9\xe7\x85\xa94M\xb3v\xfb\x1dvX\xfa\
\xf9\xcf~\xeew\xcf\x7f\xfe\xf3\xf1\xf1\x8f~lb\x07\
\xf9qV\x06\x02\xe0!.\xafz\xd5k\xf0\xfe\xf7\x7f\
p\xe4\xf8\xe3\x8f\xbf`\xc1\xfc\x05\xd7\xfak\xe2n\xeb\
\x10p\xd7\x9dwb\xd1\x19\x8b\xb0r\xe5\x0a\x84\x104\
~\x0e$\x9b\x80H'\xa6n\xb4)\xb3\x8a@\xf4\xbd\
e\xfc-\xe1\xba\xda\xe3\xb2K\xd0\x1f+\x86\xaaef\
\xbc[qB\xc9\xcb\xa7\x22^\x80+\xe1\xc10\xe1\x83\
\xd2A\x19\xb2\xd9\x11\x02a\xd2\xa4\xc9\xb8{\xd9\xbdX\
\xbcx)\xd6\xacY\xeb_h\xad\x22\xc2\xec\xd9\xb3\xaf\
\x99?\x7f\xfe\xc5\x87\x1e~Xw\xbb\x05\x0b&zx\
\x1fwe \x00\x1e\xe2r\xd4QG\xe1\xa5'\xbe\x14\
_\xfc\xf7/\xfev\xa7\x85;\x9d544\xb4\x16\xb0\
\xb0_E\xc9\x91\xf1\xdd\xef~\x17?\xf8\xc1\x0fr\xee\
@R\x98\xac\x99\x83\x01\x17\x7fc\x0b|\xe9;r\xe4\
0W\x9ey;\x08T7\x159\xff\x9dO\x07\xd6.\
>\x02){\xf2\x93'\xcf>\xa3D\x1f}k!\x86\
,r\x88\x99`\xed&\x8d\x02\xbc\xe4\x92Kp\xf55\
W\x8fI\xcbI\x93\x86W\xef\xbf\xff\xfeK\xbfy\xe9\
\xa5\xb7\xbf\xed-o\xc1\x1b\xff\xe6o&zx\x1fw\
e \x00\x1e\x86r\xf0!\x07c\x87\x9dv\xec\xce\x9a\
=\xfb\xe2y\xf3\xe6]\xdd\x84\x90\xb4\x9fD\xc2q\xd2\
n\xf7\xdcs\x0fN\xfb\xdaiX\xbe\xfc^4Mc\
6~\xd6\xa8\x81M(\xa8\xf3\x0d\x96-X\x0e\xfc\xb0\
\x93\x842j\x08l\xbf\x05\xf1\xd4\xc3\x8e&\xd7\x89+\
S\xd4T;{k$\xcb\x01\x09J\x12A#2\xa1\
\xda\x10\xe0\xab,S\x95W\xceL\x00\xf8\xddo\x7f\x8b\
\xb3\xce>\x1b\x1b6\xdc\x8f\xc2\x1b\x99K\x08\x01\xf3\xe7\
/\xb8r\xd7]v\xb9\xf4\x88\xc3\x0f\xeb\x9dx\xd2I\
\x13=\xac\x8f\xcb2\x10\x00\x0fCy\xce\xb3\x9f\x83\x7f\
\xfc\x87\x7f\xc4\xb7\xbf\xf9\xad\xdb\x0f=\xf4\xd03&O\
\x99r\x9f\xc0y\x06\x10\x89\x103\xd3_~\xf9\xe5\xf8\
\xf67\xbf\x8dN\xd3\x80r\xae.\x06\xe9\xc8\xf8\xdd\x85\
\x9a\x88\x13%:\xb0\xa5;s\xb6\x91\xcf\xdd%a\x00\
\xce\xf0\xa7j\xd2\xf9\x9d|\xfa\x9b,1\xaa\x93\xa0\xbd\
\x04i\xdf\xa9\x98\xfc\xe4\xcd\x04y.K\x85n\xb7\x8b\
\x8b/\xbe\x18?\xfb\xd9\xcfr<D[\x00L\x9d:\
\xf5\x9eC\x0f=\xf4\xb43\x16-\xba\xe3mo\x7f;\
v\xdbu\xd7\x89\x1e\xd6\xc7e\x19\x08\x80\x87\xa9\xbc\xeb\
\x9d\xef\xc4\xf3_pB\xdcm\xf7\xdd\xbf=u\xfa\xb4\
\xcb\xf3V\xf7\x14\x1f\x8bt\x92o\x08\x84u\xab\xd7`\
\xf1\x92%X\xb6l\x19\x86\x86\x87\x93\x8d\x9c\xd7\xcbH\
Br\xb5V\xcb\xeb_\xef\xc6\xcb\x97!i|\xd8\xe3\
u\xc8\xfa;\xbbg\x1c,\x97\x00!\xb7KP\xf6*\
\xc8Z#\xb96y;\xc4\xda\xe6\x82\x88P\x0a\x0a\xae\
\x04\xd5\xcd7\xdd\x84\xb3\xcf>\x1b\x9b6mD\x08\x05\
0\xc8m \x9e3g\xceeO~\xf2\xa1\xdf\x7f\xf5\
\xab_\x8dSNy\xfdD\x0f\xe7\xe3\xb6\x0c\x04\xc0\xc3\
T\xb2\x03\x0b\xff\xf5\x9f\xffy\xf7\x01\x07\x1c\xb0x\xfa\
\xf4\x19\xf7\x9a\x93\xcfbi\x03\x08?\xf9\xc9Op\xd1\
\xc5\x17\xeb\xb6\xd7t\x1b\x15\x91}\xf9G\x17h\xc7\xc5\
\xb2\x9a\xcc\xe8V*\xb1|\x8d\xeb}\x02\xa8\xbeK\xe6\
O\xa9\xd1\x1b\xee\x05r\xd8V\x0aXX\xb0\xafj\xf3\
\xe6\xcdXz\xf6\xd9\xf8\xf9\xcf\x7f\x86N\xd3X\xfbE\
\xb800c\xc6\x8c\xbb\x0e:\xf8\xe03?\xfc\xe1\x8f\
,\xdfy\x97\x9d'z(\x1f\xd7e\xb0\x19\xe8a,\
7\xfe\xf2\x97Xv\xef=8\xfa\x98\xa3\xef\xfb\xf5\xaf\
\x7f\xbd\xf7\x9a\xd5k\x0eI\x0b\xf4\x1e\x9d36o\x19\
\xc1\xdauk\xf1\xf4g<\x03\xdb\xcd\x9f\x87\xd8\x8b\xaa\
I\xd3\xe4v\xa7\x04\x09$\xcf\xcb\x82\xc9\xa1\x98\x97\x09\
]\x80Pa\xeb3\xb2/\x80\x0amK\xe4\xce%t\
\x90\xc0\xc3\xf7\xb1B\x83T\x98\x8d\xe9\x08\xf4\x19|\x0d\
\xe6_w\xddu\xf8\xc4'>\x81{\xee\xbe\x1b\xa1i\
l\xf1A\xc0F\x08\xdd\xdd\xf7\xd8}\xe9\x1b\xde\xf0\x86\
\xff\xd9k\xef\xbd6\x0f6\xfc<\xbce\x80\x00\x1e\xe6\
2}\xc6\x0c\xfc\xfd\xdf\xbe\xe7\xbe\xe9\xd3\xa6-\x994\
i\xd2\x9d@\x09y\x99\x08\x0d\x80\x1b~z\x03\xce=\
\xef\x5c\xc4n\xcc\x07u\xe6\xe2\xd6\xf6\xf5\xffE\x8c?\
\xa0\xfe\x7f\xe7, \x7f]'i\x0e\xde\x91\xdb\xa8\xf8\
\xb9(j\xc7\xf7\x8b\xce\xb3}<c\xae(\xa8\x09\x01\
\xd2\x08\xbfM\x9b6\xe1\xec\xb3\xcf\xc6on\xbe\x19!\
4\x88`DJaP!\xd75u\xea\x94\xdb\x17,\
\x98\xbf\xf4\x0d\xaf\x7f\xc3\xea\xddw\xdfc\xa2\x87\xefq\
_\x06\x08\xe0a.W]y%\xee\x5cv\x17\x8ez\
\xcaS\xee\xbb\xf3\x8e;\xf7X\xb3z\xcd\x93\x999\x18\
\x04HZytt\x14+V\xac\xc4\xd1G\x1f\x8d\x9d\
v\xda\x09\xb1\xd7\xb3%;\x0d\x0d\xb6\xbd\x00\x92\xef\x9f\
Hr\x01\xb2[\x11 {\xd6\x1dK\xe6E\x0f!m\
\xff\x1d\x1e\x1e\x02B\xa5\x07\xa8\xfe\xa2k\x88\xda\xec\x96\
\xe6\xa8\x9c~\xba\xe4H\xe6p\xbc\xfa\x9a\xab\xf1\xa9O\
\x7f\x0a+W\xdc\x07\xe4\xd8\x07=\xd2\x9c\x81\xce\xd0\xd0\
\xe8\xde\xfb\xee\xf3\xb5SN\xf9\xab\xd3\xf7\xde{\xef\x91\
\xf7\xff\xdb\xfb'z\xf8\x1e\xf7e\x80\x00\x1e\x81r\xdc\
q\xc7\xe1\x83\xff\xf6\xfe5\x0b\x17\xee\xb4dxx\xe8\
w,L\xef\x02q\x03\x80\x9bn\xba\x09K\x97,\xc1\
\x96\xcd\x9bA\x8d\xc8\x08\x89\x11`\xb7\x93O\x12|\xb8\
M9\xd5\xb7B1\x0blpK\x8c\xee\x82\xfd\xbf\x9f\
6\xaf\xc3\xfc*\xbf\x807MZ\xce?\xf7y\xfd\xfa\
\xf5X\xb2d)n\xbd\xf5V \x84\x94\xff &\xa1\
\x15r\xd3\xa6N\x9f\xf6\xeb\x03\x0f8`\xf1\x9bO}\
\xdb\x86\xa7\x1d\xf3\xb4\x89\x1e\xb6'D\x19\x08\x80G\xa0\
\xbc\xf6\xd5\xaf\xc1\xd3\x8f}:f\xcd\x9e}\xcd\xbc\xed\
\xb6\xbb\xa8i\x9aQ9\xb1\x17yS\x0cSB\x01_\
\xbf\xf0B\x5c\x7f\xfd\xf5\x18\xee\x0c\x99-\x0f\xbf\x1c\xc8\
\x86\x04\xc8\xc5\xfe\x03v\xde`\xb5dG\xde\xa0\xf7{\
\x06\xfc\xf1]R\xdc\xe7VNA\x89\x0f\x82\x8b\xeb\xaf\
\xcd\x8e\xa2\x1e['\xbc\xfa\xea\xabq\xd1E\x17\xa1\xd7\
\xed!\x82\x8a\x9d\x89\xcc\x8cN\xa7\xb3y\xc7\x1dw<\
\xf7\xc9\x87?\xf9\x17\xaf\xf9\xabW\xe3e/\x7f\xf9D\
\x0f\xdb\x13\xa2\x0c\x04\xc0#T\xde\xf2\xb6\xb7\xe2\xbcs\
\xce]\x7f\xc4\x91G\x9c=}\xfa\xf4[\xb885\x87\
5\xef\xfd\xad\xbf\xff=\xce\x5c\xb2\x04\xf7o\xd8\x90\x8e\
\x0b\xcb\xffi\x94\xa0\xdb|cs/\xfd\x18%\x82\xd0\
\xad\x02\xa4=\xbd\xb6=\xd8\x02\x8d\xb8\xe5\x14\xac\xc3{\
[Q\xc1\xfe>\x97\xcf_\x7f\xae\xa2\x919\x07<\xad\
]\xbb\x16g\x9ey&\xfep\xfb\xed\xeap\xe4\x1c\x9e\
L\xf9,\x80y\xdbmw\xc33\x9e\xf1\x8cs\x16\x9d\
\xb1h\xd3i_\xfd\xdaD\x0f\xd7\x13\xa6\x0c\x04\xc0#\
TN~\xd9+\xf1g/~\x11v\xd9}\x8f\x1bv\
\xd8q\x87\xf3\x87\x86\x86\xb6X\x96\x1c\xe8\xc4\x89\xbd\x1e\
.\xbd\xe4\x12\x5c\xf9\xe3+\xd14ixdy\xbf\xf6\
\xc9\xeb\xf2\x1f`\x01\xf9\x8a\xf2YW\x10\xd4\xf1\xe7W\
\x16\x14\xf2\xcb\xc6\xa1\xfe\xed.|\x80y\xcb\x81\x1d\x1f\
V\x22\x0d\x1f\x90\xac1\x01\xcc\xf8\xfe\xf7\xbe\x8fK/\
\xbd4%4-*MB\xa4i\x9a\x0ds\xe6\xcc=\
\xebu\x7f}\xca\xcd\xcf{\xee\x09\xad \xa5Ay\xf8\
\xca@\x00<\x82\xe5/\xff\xe2/p\xce\xe2\xc5\x9b\xfe\
\xf4O\xfft\xe9\xdc9s\x7f\x96\xd3\x00V\xeb\xef\xc0\
\x9dw\xdd\x893\x17/\xc1\xbauk\xd1\x09M\xce\xca\
\x01\x0b%\x94\xf4\xdf\x10d\x9e\xb0y(\x02~\x5c\xf2\
\x8d@z?P\xed+\x02\x5c\xbc\xaf\xf9\x08D\x9b\x8b\
\xe0\x90\x04!d\xb7\x80\x14q\xb0\x1d#F\xe2\xa3`\
\x0dw\xfe\xda\xe9_\xc3\xb2e\xcb@\x81\x109\x9d1\
@r|\x19\x11\xb6\xdf~\x87\xab\x8f8\xe2\x88\x0b\xdf\
t\xea\x1bG\xf7\xde{\xef\x89\x1e\xa6'T\x19\xac\x02\
<\x82\xe5\xeb\x17\x5c\x80\xbfy\xd3\x9bp\xc2\x0bNX\
\xf3\xfd\xef}\x7f\xd6\xda5k\x9e\x1ac\x1c\x02\xd0\xc2\
\xdb\xf7\xadX\x81C\x0e9\x18\xfb\xed\xbf\x1fz\xdd\x9e\
MZ\xc5\xecT\xec\x1bPK\x9fl\xbd\x1f\x80\x9e\xf4\
c\xb7\x09\xeaH\xc9<\x87\x86\x87L\xe3r{\xab\xa0\
\xad$\x9a\xb6\xf7\x81G\xe2\xed\x17\x8f?\x13ey\x92\
P\xc7\x05\x17\x9c\x8f\xff\xfa\xaf\xff\xc4\xc6\x8d\x9b,\x19\
\x08\xa5\x9d\x81 \xc6\xf0\xf0\xf0\xaa\x83\x0e>\xe8s_\
\xbf\xe0\xeb\xdf#\x0a\xfc\xe6SO\x9d\xe8azB\x95\
\x01\x02x\xa4K\xa7\x83O|\xf4\x13[\x0e;\xec\xf0\
sw\xd8a\x87k4MNeP\xdf{\xf7=8\
\xfd\x8cEXq\xdf\x0a\x84\xa6Ar\x16Z\xde>\xdb\
\x17 \xfb\xfe\xac\x10\xd7\xb3\x18\xba\x16oa\xc0.\x88\
\x98\x8b[\xab\x1c\x7fl&\x83\xff\xb7\x8f\xe3@\xf6\x1f\
Df\x04\x0a\xb8\xf3\xce;q\xc6\xe9g`\xe5\xcaU\
\x09\xa9D\x89/H\xa1\xca\x04\xc2\xac\x993\x7f4o\
\xee\xbcK\x8f:\xea\xa8\xde\xa9oz\xd3D\x8f\xce\x13\
\xae\x0c\x04\xc0#\x5c>\xfb\xf1O\xe0\x15\xafx\x05\xce\
\x5ct\xc6\xad{\xef\xbd\xf7\xa2\xc9\x93&\xad.\x5c\xe2\
\x1a\xc2\xcf\xb8\xe2\xf2\xcbq\xd9e\x97!\x04Jy\xf9\
\xa2\x8f\xb7g8\x7f\x9e9\xdcY&7\xa4\x22\xf3\xdc\
\xebu\xe4\x13\x84I\xce\x11\xd5\xf7;@ak\xf9\x80\
\x22\x87BpT\x0f1\x13\x10S\x14c\x8c=|\xe3\
\x1b\x17\xe1\xaa\x9f\x5c%\xcd\xd0\xa7\xe4\xd4\x80\xa9S\xa7\
\xde{\xd8\xe1\x87/>\xef\xbc\xf3\xeez\xf1\x8b_<\
\xb0\xfd'\xa0\x0c\x04\xc0\x04\x94\xa7=\xfdi\xd8o\xff\
\xfd{;\xef\xba\xcb%\xb3g\xcf\xbe\x82\x8a\xb8{1\
\x8d\x09+V\xac\xc0\x99\x8b\x97\xe0\xee\xbb\xef.\x93\x86\
8{\xbd\xf0!\xe4\xa8:\xe7cK\xff\x88\xb3/\xef\
6,N\x15f\xbf|g\xc9E\xab\x80\x01+\x95\xa7\
_2\xfcrR\xfd\xe0\x98\xb6\xf2\xfe\xfe\xd6[\xb1\xf8\
\xcc%X\xbbv\x9d=\xab\xe6H\x04\x11\xf3\xb4\xe9\xd3\
/;\xe4\x90\x83/\xfb\xcb\x97\xbc\x84\xff\xf9\x9f\xffy\
\xa2\x87\xe5\x09Y\x06\x02`\x02\xca!\x07\x1f\x8c\xb7\xbe\
\xf5\xad\xf8\xda\xff;\xed\x8e\x83\x0e>\xf8\xf4\x193f\
\xdc[O,\xd1\x96W\xfe\xe8G\xb8\xe4\x92KQ\xec\
\xbd\x95\x1dt\x9c7\xd0\xf8HA\x94\xc2\x04(\xf3\x09\
\xa4B\xb6kO\xe3\x09\xe4\x11'd\xfa\xc5\x07d\xc7\
\x9d/\xe6\x1f` \x00\xdd^\x17_\xbf\xe0\x02\x5c{\
\xddue\xc7\xb3)\x12\x991m\xda\xf4\xbb\xe7\xce\x9d\
\xbb\xe4S\x9f\xfc\xf4=!\x1f\x156(\x8f|\x198\
\x01'\xa8\x5cz\xc9%\xb8\xed\xf6\xdbp\xc8\x93\x0e\xb9\
\xef\xa6_\xdf\xb4\xff\xba\xb5\xeb\x0e\x86*b\x9b\x91[\
\xb6l\xc1\x9a5k\xf1\xf4\xa7=\x0ds\xb7\x9b\x87\x18\
\xa3\x9d\xcaS`v\xa8\xb7O\xd7\xf0+G]\xaa[\
\x02x8;\x01\x87\x93\x89\xc1E\x15\xa8\xe0\x03\x0a4\
\xc0\x19+\xe4\x0dI\x16x\xc4h\x9a\x0en\xfa\xf5\xaf\
\xf0\xb1\x8f}\x0c\xb7\xdf~{\xdf\xbe\x13Q\xdcy\xe7\
\x9d\xcf;\xf9\xe4\x93\xbf\xbc\xe7^{mZt\xc6\x19\
\x13=\x1cO\xd82@\x00\x13X\xe6\xcc\x99\x8d\x0f\xfc\
\xdb\x07\xee\x9b\xbf`\xfe9\x93\xa7L^\xae\x17\xaa\x0d\
87\xdc\xf0S\x5c\xf0\xf5\x0b\xc01\x9a\xa6\xf4\x93\xbe\
\xde\xc8S\xbd\xc7\x9f\xf4c\x9a\xdf\xe2\x03\xd8I\x0c\x7f\
\xac\xb8\x0a\x8e>\xef\xb0w\x91-\x15R\xc0\x96\xcd\x9b\
q\xee9\xe7\xe2\x17\xbf\xfc\xe5\x98\xfd\x9e6m\xda\xdd\
\x0bw\xde\xf9\xac\xf7\xff\xdb\xbf\xad\xdcy\xd7]&z\
\x18\x9e\xd0e\x80\x00&\xb0\x5cu\xd5Op\xcb-\xbf\
\xc1\xc1\x87\x1c\xb2\xe2\xeeew\xef\xbdf\xcd\x9aC\x98\
\x8b\x8d\xbf\x00\xf2\xb9\x82+W\xe1i\xc7\x1c\x83\x1dv\
\xdc\x011J\xd2\x10\x89\x07 \xbf^\x07\xd9\xa7k\xcb\
\x7f\xb6\xf4\xa7\xeb\x82@\xde\x0c4l\xbb\x0f-i\x7f\
\xfe*p\xa2\x14:ER\x10\xa4[\x22\x03M'\xe0\
\xe7?\xbb\x01\x1f\xff\xf8'\xb0l\xd9\xb2\xbe}n\x9a\
\xa6\xb7\xd7^{-=\xf9U\xaf\xfc\x9f\xbd\xf7\xd9g\
\xf3\xa7?\xf9\xa9\x89\x1e\x86't\x19 \x80\x09.O\
z\xd2\x93\xf0\xd9\xcf|\xe6\xbe9\xb3g\x9d><<\
|\x9b\xbf\xc6\x8a\xe1\x81_\xdft\x13\xce9\xf7|t\
G\xbb\xe84A\x1d\x85\xe9\xbe|w\x91\x00\xc4\x99\xf1\
,\xe7\x01\xb0\x05\xf7d\xe1\xe1~\xce\x9f\xb3#PN\
-b\x7fpI%h\xd4g\x91\x0e\x12\xdd\xbcq\x13\
\xce>\xebl\xdct\xd3M\x18\xabL\x9a4\xe9\xf7\xf3\
\xe6\xcd=\xf3o\xdf\xfdw\xab\x8f~\xca\xd1\x13M\xfe\
'|\x19 \x80\x09.\xdf\xfd\xeewp\xd2\xcbN\xc2\
\x81\x07\x1ft\xef\xeaU\xab\x16\xae^\xbd\xe6\x88\x18c\
k\x5cb\xeca\xe5\xcaU8\xe6\xe8c\xb0\xcb\xae;\
\xa3\xd7\xcbG\xff\x02\xd5\xda\x9d\xf3\xd3\x11\x17\x1b\x81\xf4\
[\x8e(\x0a\x140<\x94\x13\x82\x00\x9aF\xcc\x87%\
\x14\xca\xdf\xb2\x8f\x96\x17A\xe8\x04\xc25\xd7\x5c\x8dO\
~\xea\x93X\xbe|9\xfa\x95N\xa73\xb2\xcf>{\
\x9f\xf6\xfc\xe7?\xf7\x8c]w\xddu\xf4\x03\x1f\xf8\xe0\
D\x93\xff\x09_\x06\x08\xe0QP^z\xe2\x89\xf8\xc2\
\xe7\xbe\xb0\xe1\xa0\x03\x0f:k\xda\xb4i\xbf\x1d\xeb\xbe\
\xdf\xfd\xee\xb78\xfb\x9cs\xb0y\xf3\x16\x84\xc6\x1d\xc9\
\x0d\xf7/\xe0\x1c}6{\xdb\xd7\x00\xc5\x0edN=\
\xdd\x22\xa0\xda\xddmG\x92,!\xe4\x85\x0c\xa1\x09\x84\
\x0d\xf7o\xc09\xe7\x9c\x83\xdf\xfd\xeewc\xf6s\xd6\
\xacY7\x1eq\xc4\x91\x8b?\xfc\xe1\x8f\xdd\x7f\xf2+\
O\x9eh\xb2\x0f\x0a\x06\x02\xe0QQ^\xfe\xf2W\xe0\
\xbd\xefy/^\xfc\xe2\xbf\xb8a\x8f=\xf6\xb8`h\
hh\xa4\xbe\x87@\x18\xed\x8e\xe2\x82\x0b/\xc0u\xd7\
]\x87\xe1\xe1!\x90,\x9f\x05\xca9\x05$$7o\
\x22*v\x07\xe7\x10]\xa7\xc0\xad\xd8\xca\x80\xbd/\xff\
\xeb\xc2\x8c\xc5\xe0Hq\x0b)\xcdW\xc8(\xe0\xa7\xd7\
_\x8f\xaf\x7f\xfd\xeb\x18\x1d\xed\xd6\x0d\x07\x00\x0c\x0f\x0f\
o\x9a9k\xd69Oy\xca\xd1\xbfx\xd5\xab^\x8d\
\x17\xfc\xd9\x0b'\x9a\xec\x83\x82\x81\x00x\xd4\x94\x0f\x7f\
\xf8\xc3x\xf5k^\xbd\xf1\xc9\x87\x1d~\xf6\xccY\xb3\
nl\xdd@@\xa0\x80?\xdc~;\x96,Y\x82\xfb\
\xef\xdf\x88N\xa7\x93\x96\x04\x01\xf8s\xff$J\xd0\xd6\
\xffY\xd7\xfc\xcbc|\xfc\xbfN\x088\x9f\x803\x22\
\xe0|\xfe\xf0\xa9\xc5\xd6\xad[\x87%K\x96\xe0\xf7\xbf\
\xbfm\xcc\xfe\xcd\x9b7\xefgG\x1f}\xf4\x05g\x9d\
}\xd6\x96\x99\xb3fN4\xb9\x07%\x97\x81\x00x\x94\
\x94I\x93'\xe1\xd47\xbf\x19\xcfz\xd6\xb3~\xb9\xfd\
\x82\x05\xe7t:\x9d\xcd@\x9arA\xa68\x11b\xec\
\xe1\xd2K/\xc5\x95W\xfe8\x9d%\x90\xb5p\x9a\xdb\
\xc9qG\xbd\x1cp#Q\x81\xb2o\x80\xdaf\x01\x80\
\x22u\x18\xbc\x9f@7\x16\xb2\xcbE \xe2\xc6\x92z\
\x5cy\xe5\x95\xb8\xe8\xa2\x8bR\x1a\xb3:\xa0\x87\x81\xa1\
\xa1\xce\xa6\x1dv\xd8\xfe\xdc\x7f\xf9\xe7\x7f\xb9\xf9\xa9\xc7\
\x1c\x83\xff\xfb\x1f\xff1\xd1\xe4\x1e\x94\x5c\x06\x02\xe0Q\
T\xfe\xf4Y\xcf\xc2\xfb\xfe\xf1\x1f\xb6\x1cv\xd8a\xe7\
\xcf\x9f?\xff\x06?\x99d\xdbo\x13\x02\xee\xba\xebN\
,^\xbc\x18\xab\xd7\xac\xce\x1b\x85\xca\xed\xbe\xa9\xc86\
]\x97\xacON\xf4\xf5[x\xdd\x96\xdf\xd22p\xcf\
\xb8\xd0\xe1b\xdf\x00\x01+W\xae\xc4\xe2\xc5g\xe2\xce\
;\xefDhB\xf1h\xba\x9f\xb0`\xc1\xf6\xd7\x1e~\
\xd8a_\xff\xab\xd7\xbcz\xf4\xb5\xafy\xcdD\x93y\
P\x5c\x19\x08\x80GQ9\xe9\xa4\x93\xf0\xd67\xbd\x09\
_\xf8\xf4\xa7o\xdee\xe1\xc23\x86\x86\x86\xd6\x01\x12\
\xb4\x93\x0b\x03\xe0\x88o\x7f\xfb[\xf8\xe1\x15?\xcc(\
 (\x0a\x00A\xd7v4\x88/'\xdf\x0c1}\xae\
\xfd\x00\x92\xe0#-\x07\x92Y\x04,\xa1A\xc9\x7f \
\xcc\xe2\x05\xcd\x15W\x5c\x8eo~\xf3[\xe9\xdc\x81\x9c\
{\xc0\x22\x15\x81\xa1\xe1\xe1\xb5\xbb\xee\xb6\xdb\x19_\xfe\
\xca\x7f\xff\xf6\xb5\x7f\xf5W\xd8o\xff\xfd'\x9a\xcc\x83\
\xe2\xca@\x00<\xca\xca\x09/x\x01N\xf8\xf3?\xef\
\xee\xb3\xcf>\x17\xcd\x9f?\xff*\xa2\xd2\xee\x063\x9a\
@X\xbe\xfc^,Zt&V\xaeX\x89N\xa7\x5c\
5\xd4l\xbb\x1c\xd2y\x00.\xed\xbf\xac\x1c$\xc4P\
E\xfe\x01\xba\x0a\xa0\xc2#\xa0\x82\xf5v\xff\xf2\xe5\xcb\
q\xc6\xa2EX\xbe\xfc^P\x90$\xa6ys\x111\
(\x10\x16\xcc\x9f\x7f\xd5~\xfb\xef\x7f\xe91O}j\
\xef\xa4\x93\x06y\xfe\x1eme \x00\x1ee\xe5\xb0#\
\x8f\xc4\x89'\xbe\x04\xa7/Z\xf4\x87\x83\x0e:\xf0k\
\x93\xa7L\xbe\x0f\x88v\xdan\xd6\xcc\x81\x08\x97_\xfe\
\x03|\xe7\xbb\xdf\x05\x05I\xaf\x93\x1ds\xd1m(b\
\xa4]z\xa2\xddY\xb6\x10\xc2I\x04\xd6\x0dEpN\
@\x1f^@A\x22\x02\xf3Z\x003\xbe\xf5\xedo\xe1\
\x07\xdf\xff\xbe\x22\x05d\x94!\xd5N\x9d2\xe5\xbe\x03\
\x0f:\xf0\xf4\xff\xf9\xcaW\xeex\xe9\x89'b\xc7\x9d\
v\x98h\xf2\x0eJU\x06\x02\xe0QX\xfe\xf1}\xff\
\x84\x13_\xf2\x97\xf1\xc0\x03\x0e\xf8\xce\xecY\xb3~\x10\
\x1c\xacN\x16@:Wp\xe5\xca\x15Xt\xe6\x22\xdc\
\xbdl\x19B 0\x181F\xcb\xdb\x07\xf8p\xc0\xe4\
\x14,,}\xdb\x04\xac\x02D\x04\x80\xdfA\xd8~\x04\
w\xdcq\x07\xce8\xe3\x0c\xac\x5c\xb1\x02\x0d\xc9\xe1\x1f\
\xec\xe2\x91\x02\xcf\x9a=\xfb\xfb\x07\x1dt\xc0wN<\
\xe9%\xf1=\xefy\xcfD\x93uP\xfa\x94\x81\x00x\
\x94\x96\x83\x0f>\x18\x9f\xfb\xfc\x17\xee9\xe0\xc0\x03\x97\
L\x9f>\xe3n\x8e\x00#CzF\xda\x18\x04\xc6\x0f\
\xaf\xb8\x02\x17_|1\x18\x8c\x1e'\x01\x90\x8e\x16c\
\xdb\xc3\xa3\xa1\xc1\x9c\xcf\x08t?\xba\x22\xf6>\xdc\xff\
5\x01\xa8\xbb\xb7\xd7\xeb\xe1\xa2\x8b.\xc4\x8f~\xf8#\
\xa4\xdd\xfd\x0c\xa2\x1e\x02\x18\x14\x92\x90\x991s\xe6]\
O:\xe4\x903>\xfb\x99\xcf\xdfs\xd8\x93\x0f\x9fh\
r\x0e\xca\x18e\x10\x0a\xfc(-?\xb8\xfcr,[\
v7\x8e8\xfc\x88\xe57\xdd|\xd3\xdek\xd6\xac>\
8\xad\x08\xe6\x84\x9f\x00@\xc0\xa6\xcd[\xb0~\xfdz\
\x1cw\xecq\x987o\x1e\x08\x84f\xa8\x83N\xd3\xa0\
\xd3\x19B\xa7\xd3q\x7fC\xe8\x0c\xd9\xf7\xd04\x881\
\xa2;\xdaE\xb7;\x8anw\x14\xa3\xa3]tGG\
0:\x9a?wG0\xda\xed\xa2\x9b\xffB\x08\xb8\xe5\
\x96[\xf0\xd1\x8f~\x14\xbf\xfd\xedo5u\xb9F\x07\
2@M\xd3\xdd}\xb7=\x16\xbd\xece/\xff\xcai\
\xa7\x9d\xb6\xe5\x93\x9f\xfc\xe4D\x93sP\xc6(\x03\x04\
\xf0(.;\xec\xb8=\xfe\xf1}\xff\xb8b\xc6\x8c\x99\
K&O\x99r\x17\xa9\x83\x8d\x10\x01\xc4\x9c-\xf8\xda\
\xeb\xae\xc3\x85\x17^\x88@\x01\x93&O\xc6\xa4\xc9\x93\
0y\xf2\xe4\xf47%\xfdM\x99<\x05S\xa6L\xc6\
\x94\xc9\xf9o\xca\x14\x0c\x0f\x0fct\xcb(6m\xde\
\x84\xcd\x9b7c\xf3\xa6\xcd\xd8\xb49\xffm\xda\x8cM\
\x1b7b\xe3\xa6M\xe9\xdf\x8d\x1b\xb1i\xf3fl\xd8\
\xb0\x01K\x97.\xc5\xf5\xd7_\x0f\x0a\x94M\x05\xca9\
\xc6\x02\x22\x13&M\x9er\xd3\xce\xbb\xec|\xc6\xbb\xdf\
\xfd\xee\xb5{\x0d\xb2\xfc>\xaa\xcb\x00\x01<\x8a\xcb\xe5\
?\xb8\x1c\xb7\xdf~;\x0ey\xd2\x93\xee[\xb1b\xc5\
\xee\xabV\xadz2\x03\x81\xb3\xcd-\xa0|tt\x14\
k\xd6\xac\xc1\xd3\x9f\xfe\x0cl\xbf`\x81\xa6\xe4\xf6g\
\xf3%\xc4@\xba\x02\x00\x00`\xa0;\xda\x05\x83S\xe6\
p\x8d\x0eJ\x8e\xc2z\xdb\xef\xf0\xd0\x10n\xbe\xe9&\
|\xf2\x13\x9f\xc0]w\xdd\x85@\x01\x1aA\x88\x14\x1d\
\xdc\x19\x1a\xda\xb2p\xa7\x85_=\xea\x98\xa3\x97.X\
\xb0\xa0\xfb\x7f\xbe\xf8\xbf'\x9a\x8c\x832N\x19 \x80\
Gy\xf9\x8b\x17\xbf\x18\x9f\xfa\xe4'\xd7\xec\xb8p\xa7\
3\x87&\x0d\xff\x86#\xe7\xb4Z\xa5\x09\xff\xf3\x9f\xff\
\x1cK\x97.\xc5\xc8\x96-\xf9\xc41\x86O\xfe_\x1c\
\xda!%\xcb\x02q0\x12Q>[\x00\xea\xf1'\xdd\
!H\x18\xd92\x82\xa5y\xbbo\xa0P\x04\x0f\x11\x11\
82f\xcc\x98y\xe3a\x87?\xf9\x9c\xaf\xfd\xbf\xaf\
nz\xdaS\x9f:\xd1\xe4\x1b\x94\xad\x94\x81\x00x\x94\
\x97\xbf\xf8\xcb\xbf\xc4\xb1\xc7\x1f\x87\xd9s\xe6\x5c\xbb\xfd\
\xf6\xdb_\xdc4\xcdh:(\x84\xdd:]J\x1dv\
\xde\xb9\xe7\xe2\xe7?\xfb9B\xd3X\xbe?XV`\
\x00\xfd3\xfb\xb8$\xa3>\xc7\xbf<\x14\x99\xd1\xe94\
\xf8\xd9\xcfn\xc0\x85\x17~\x1d#\xa3\xa3\xe9\x82\x08\x98\
\x1c\x82\xdc4C\x9bw\xdey\xe7\x0b\x9e\xf3\xec\xe7\xde\
x\xf2+_\x85\x7fz\xdf?M4\xf9\x06e+e\
 \x00\x1e\x03\xe55\xaf\xf9k\x9c\xb5x\xc9\xfdG\x1e\
q\xe4\xd2\xa9\xd3\xa6\xdd\x1c}\xb6\x0f7\xa1o\xbe\xe5\
f,^\xb2\x18\xf7o\xd8\x90\xb3\xf9\xc8\x8a\x9c\x0b\x00\
\xaa\x0a\x85\x90\xd7\xf8\x81\x949\x98\xd4\xa1\x97\x90FD\
 `\xd3\xc6\x8d8\xeb\xec\xb3t\xbb\xaf\x9dPL\x9a\
\xecs\xee\xbcy\xd7\x1f\xfb\x8cc\xcf\xfe\xd0\x87>\xb4\
\xe5-o~\xebD\x93mP\xb6\xa1\x0c\x04\xc0c\xa0\
\xfc\xcd)\xaf\xc3\x1b\xdf\xf87x\xc6\xb1O\xff\xe5N\
\x0bw\xbc\xa8\xdfva \xa5\x0e\xfb\xfa\xd7\xbf\x8e\xab\
\xaf\xbe&\xc5\xe5\xd7\x07\xfd\xf4;\xf9\xa7\xca\x02\xccy\
\x8f\x00b\x04sL'\xf76\x1d\x5c{\xddu\xb8\xe4\
\x92K\xd1\xeb\xf5 \xb7\xeb\x07ft\x86\x86\xd6\xed\xb0\
\xe3\x8eK\xdf\xf2\xb6\xb7\xff\xe6\x94\xd7\xbf\x01O:\xf4\
\x90\x89&\xdb\xa0lC\x19\x08\x80\xc7H9\xf2\xa8\xc3\
\xf1\xf6\xb7\xbdc\xd3\x11G\x1cy\xd6\x9c9s~\x09\
\xf4\xcd\xda\x8f\xdbn\xbf\x1d\x8b\x16\x9d\x81\xb5\xab\xd7\xe6\
\xc3E\xf3\xce=]\xd3w7\xeb\x84\x97\x8dAv\xd6\
_\x8c)\xa6\x80\x88\xb0n\xddZ,Y\xb2\x04w\xdc\
q\x87{\x965\xf8\x07\x04\xcc\x993\xe7\xfa=\xf7\xd8\
\xe3\xe2g?\xeb\x99\xa3\x0b\x16,\x98hr\x0d\xca\xa0\
<\xfe\xca\xdb\xdf\xfe6\x5c|\xd1\xd7\x87\xf7\xddw\xdf\
\x7fn:\x9d\x8dd\x09\x7f\x8b\xbf\x85;\xed\xc4\xe7\x9f\
w\x1e33sL\x7f1\xff\xc9wf\xe6^\xaf\xc7\
\x1b6\xac\xe75k\xd6\xf0\xea5kx\xf5\xaa\xd5\xbc\
j\xd5*^\xb9r\x05/\xbf\xf7^^\xb6l\x19\xaf\
\xb8\xef>>\xe3k_\xe3\x1dv\xd8\xa1\xf5\x1e\xf9\x9b\
4i\xd2\xea\xa3\x9er\xd4\x9b\xbf\xf7\x83\xef7o<\
up\xbc\xd7c\xa9\x0c\x10\xc0c\xa8\xec\xb1\xf7\x9e\xf8\
\xc7\x7f\xfa\x97\x91\x03\x0f>\xe8\xfc\x05\xf3\xe7\xdf\xd0\xef\
LA\x00\xb8k\xd92\x9c~\xc6\x19\xb8\xf7\xde{\xed\
\x5c\x00\xb7\xfaW\xed-\xb2\xa2\x19~\xd2\xcd\xc3CC\
X\xb5r%\xce\x5c\xb2\x18\xf7\xdcsO\xf9\xac>B\
\x986m\xfaU;\xec\xb0\xe3%o>\xf5\xcd\xbd\x7f\
z\xdf\xfb&\x9aL\x832(\x8f\xdf\xf2\x99\xcf}\x06\
\xcbW\xdc;\xf4\x94\xa3\x9f\xf2\x8e\xa1\xe1\xa15\x18C\
+\xcf\x9b7\x8f\xcf8\xe3\x0c\x8e1\x16H\xc0\x97^\
\xaf\xc7\xeb\xd7o\xe05k\xd6\xd8\xdf\xea\xd5\xbcj\xd5\
J^q\xdf}\xbcz\xd5*\xfe\xd2\x7f\xfe'\xcf\x9e\
={L\xed?u\xea\xd4\x15\x87\x1dv\xf8_\xff\xe2\
\xc6\x1b\xc3\xc9'\xbfj\xa2\xc93(\x0f\xb0\x0c\x10\xc0\
c\xac\xfc\xc9\x91Gb\xc1v\xdb\x8f\xce\x981\xe3\xc2\
\x993f^3\xd6\x91Z+W\xae\xc4\x99g\x9e\x89\
\xbb\xee\xba+\xfdP\x05\xf5\x00(\xe3\xfc\xc5\xf9\x97\x91\
\xc2\xf0\xd0\x10\xee^\xb6\x0cK\x96\x9e\x855k\xd6\xf4\
}\x07\x85\x80\xed\xb6\xdb\xee\x87\x87\x1dv\xd8\xb7\xde\xfb\
w\xef\x89g\x9cq\xfaD\x93gP\x06\xe5\xf1_\xde\
\xf6\xf6\xb7\xe2\x8e;\xff\x10\x9ey\xfc3O\x99:u\
\xeaJTZY6\xfd\xce\x9a5\x8b\xff\xebK_\xe2\
^\xaf\xc7\xfdJ\xb7\xdb\xe5\xb5\xeb\xd6\xf1\xea\xd5\xaby\
\xf5\xea5\xbcz\xf5j^\xb3f5\xaf]\xb3\x86\xef\
_\xbf\x9e?\xff\xd9\xcf\xf1\xf4\xe9\xd3\xc7\xd4\xfe\xd3\xa7\
O\xbf\xe7\x05/x\xc1I\xccL\x9f\xf8\xd4 \xde\x7f\
P\x06\xe5\x11)\xcc\x8c\xbf|\xc9_\xe0\x1d\xef|\xfb\
\xc2\xedwXp\x16\x80t,\xb0\x9e\xfaE\xdc\x84\xc0\
\x81\x88\x8f;\xee8\xbe\xe5\x96[\xd8\xec\x80R\x00\xac\
[\xbf\x8eW\xad^\xcd\xab\xb3\x09\xb0v\xedZ\xde\xb8\
q#\xff\xf2\x97\xbf\xe4\xa7=\xf5\xa9\xed\x89O\xfa\x8e\
\xde\xae\xbb\xedv\xda\xbf\xfc\xeb\xbf\xce\x7f\xcdk_;\
\xd1$\x19\x94\x07Y\x06&\xc0c\xb0\x10\x11\xa6L\x99\
\x82/|\xfe\xdf\x97\xed\xb4\xe3NgM\x9b6\xad}\
\x12\x07\x01M\x13p\xddu\xd7\xe2\xfc\xf3\xcf\xc7\xe8\xe8\
(,\xe9\xbf\xdc\x92\xb0\x82\x98\x11\x94\x9fa\x8e8\xef\
\xbc\xf3p\xfdO\x7fZ\xd4\x07@\x9f\x9f>}\xfa\xb2\
=\xf7\xd8\xe3\xac\x0f}\xe0\x03\xf7\xed\xbc\xdbn\x13M\
\x92A\x19\x94'Vaf\xfc\xd5k_\x83\x0f\x7f\xe8\
\x83\xf3\xf6\xde{\xaf\xd3(P\x0fv\xee'7\x0d\xf1\
\xf0p\x87\x1b\x0a|\xf8\xe1G\xf0\xf5?\xfd\xa9\xa9\xfe\
\x0c\x04\xba\xbd\x1e\xaf_\xbf\x9e\xd7\xac]\xc3k\xd6\xae\
\xe1\xb5\xeb\xd6\xf1\xc8\xc8\x16\xbe\xfa\xea\xab\xf9I\x87\x1c\
\xa2h\x02\x15\x0a\x08!t\xf7\xdf\x7f\xff/}\xf1\x8b\
_\x9cu\xea\xa9\xa7\xe6x\x80Ay,\x96\x01\x02x\
\x8c\x16\x22\xc2\xae\xbb\xef\x86\x7f\xfe\x97\xff\xb5r\xce\x9c\
9\x8b'\x0d\x0f\xffA~We\x1d#B\x08\xf8\xd5\
\x8d\xbf\xc4\xd2%K\xb0q\xe3\xc6\xf4;$Q\x08\xeb\
\xe4%\x224M\x83M\x9b7c\xc9\xd2%\xb8\xf9\x96\
\x9b\xd1\xe94)LX_\x9a\xfe\x992u\xca\xad;\
\xed\xbc\xf3\x99o\x7f\xfb\xdb\xd7\x1ev\xf8\xe1\x18\xcb\x11\
9(\x832(\x0fs9\xf1\xc4\x97\xe0-o}\xf3\
\xec=\xf7\xdc\xf3?\x9a\xa6\xe9\x06\x0a\xdc4\xc4M \
\xee4\xc4\xc3\x9d\xc0\x0d\x11\xef\xbb\xef~|\xf9\xe5W\
(\x02\x881\xf2hv\x02\xaeY\xb3\x86\xd7\xad[\xcb\
[\xb6l\xe1\xef}\xef{\xbc\xf7\xde{s\xd3\x04\x1e\
\x1a\xeap\xd3\x84B\xfb7M3\xb2\xdf\xfe\xfb}\xe6\
\xc3\x1f\xf9\xe8\x8cS\xde\xf0\x86\x89\xee\xfe\xa0\x0c\xca\x13\
\xbb|\xef{\x97\x01\x00^\xf4\xa2\x17=c\xe6\xcc\x99\
\xbf\x0a\x14\xb8\xd3i\xb8\xd3\x04\xee\x10\xf1PC<<\
\x14\xb8\xd34|\xea\xa9\xa7\xf2\xda\xb5kS\x0c@\x8c\
<2\xda\xe55k\x93\xf7\x7f\xc3\x86\x0d\xbcj\xf5*\
>\xf5\xd4S\xb9\xd3ixh\xa8\xc3\x9dN\x87C\x13\
\xb2\x19\x90L\x819s\xe6\xdc\xf0\x8aW\xbc\xf2O\x00\
\x8c{\x0e\xe0\xa0<6\xca\xc0\x04x\x8c\x97\xe3\x8f\x7f\
\x16N8\xe1\x04\xec\xb2\xeb\xae\xd7\xcd\x9c5\xeb\xbc\xa6\
\xd3\x8c\xf8\xcc\xbe\xb2k/\xc6\x88\x8b/\xbe\x08W\x5c\
~\xb9\xec\xdfA\xe4\x94?\x90\xd3f\x1e\xfc\xf8\xaa\xab\
\xf0\x8dK.A\x8c\xd1E\x10\x12B\x13\x10\x08h\x9a\
fd\xf6\x9c\xd9\x17\x1c~\xc4\xe1\xbf8\xf9\xe4\x93\xb1\
\xd7^{Mt\xf7\x07\xe5\x8f,\x03\x01\xf08(\x0b\
v\xd8\x01\xe7\x9dw\xee\xc6\xbd\xf6\xda\xeb\x9c9s\xe6\
\xfcB\xb2\x05\xa5]}\x00z)\x8b\xf0\xb2e\xcbp\
\xc6\xa23\xb0\xe2\xbe\xe5)\x8a82\xba\xf98\xaf\xb5\
k\xd6`\xf1\x99\x8bq\xd7]w\xa6|\x02\xba\xcf'\
'\x0b\x09\x84y\xf3\xe6\xdd\xb0\xd7^{\x9d\xfb\xa9O\
\x7fj\xf3\xc2]\x16Nt\xb7\x07eP\x06E\xca\xbb\
\xfe\xf6]X|\xf6\x92I\x07\x1c\xb0\xdf?\x0cu\x9a\
\xf5\xa1!\x0e\x04n\x00\xee \xf9\x04\x00\xf0\x82\x05\x0b\
x\xe9\x92%\xdc\xeb\xf5x\xd3\xe6\xcd|\xcf\xf2{y\
\xf5\xda\xd5|\xd6\xd9g\xf1\x8e;\xed\xc8\xa1\x09\xdc\x19\
j\xb8i\x1anB\xc3M\xa7\xc3M\xa7\xe1\xe1\xe1\xe1\
\xb5Oz\xf2\xa1\xef\xba\xea\x9a\xab\x87\xfe\xf9\x7f\xfd\xcb\
DwwP\x1e\xa22@\x00\x8f\x93\x12B\xc0\x1bO\
y\xc3\x96\x193g\x9e7k\xf6\x9c\x1bB\x8e\xe9e\
\x22DbDN\x09E\x97/_\x8e\xd3\xcf8\x03\xf7\
\xdcs\x0f(\x10BCX\xb9r%\x16\x9dy&\xee\
\xb9\xfb\xee\x94p\x94-\xa4P\xca\xdc\xb9s\xaf\xdf~\
\xc1\xf6\x17\xbe\xec\xc4\x93F\xb7\x9b?\x7f\xa2\xbb;(\
\x832(uy\xe3\x9b\xde\x88\xd3\x17\x9d\xde9\xe6\x98\
c\xde:y\xf2\xe4UM\xa0\xe4\xc4kRl\x80D\
\xf1\xcd\x9d;\x97\xbf\xf2\xdf_\xe1-[\xb6\xf0\xaa5\
+\xf9\xcb\xff\xfd\x15\xden\xfev\xb2\xc6\xcf\xd44\x1c\
\x9a\x86\x9b\xa6\xc3\xa1ix\xf2\xe4\xc9\xab\x9f\xfa\xb4\xa7\
\xbd\xf9\x07\x97\xff\xa0y\xd7\xbb\xde5\xd1\xdd\x1c\x94A\
\x19\x94~\xe5\xaa\xab\xae\xc2\xec\xd9s\xf0\xe2\xbf\xf8\xcb\
=f\xcf\x99sa\x13\x027M`\x0a\xed\xbc\x01\xc7\
\x1f\x7f<\xff\xeew\xbf\xe3\xdf\xdd\xfa;~\xde\xf3\x9e\
\x97\xc3|\x89\x11\x02S\x08\xdc\x84\x86;\x9d\xb4\x0c\xb8\
p\xe1\xc2o\xfd\xcd\x1b\xdf\xb8\xe7\x11G\x1c\x81+\x7f\
\xfc\xe3\x89\xee\xe6\xa0\x0c\xca\xa0\x8cU\x9e{\xc2\x0b\xf0\
\x95\xaf\x9dIG\x1e\xf5'\xaf\x9a9s\xe6\xf2\x10\xa8\
o4\xdf\xd4\xa9S\xf9#\x1f\xf9\x08\x7f\xfe\xf3\x9f\xe3\
\x993gh\x9c?\x05\xe2\xd0\x107\x9d\x86;\x9d\x86\
\xa7M\x9b\xba\xe2Y\xcf:\xfeu\xcc\x1cN?}\xb0\
\xdboP\x06\xe5Q]n\xfd\xfd\xef\xf0\xd2\x93^\x8a\
\x7f\xf9_\xff\xb2\xfd\xee{\xec~z\x08\xa1+\xeb\xf8\
Tm\xe8\xd9y\xe7\x85\xbc\xfb\xee\xbb'\x01A\x22\x00\
\xc0\xd4\xa1\xec\x08\x0cq\xa7\x85;\x9d\xf3\x96\xb7\xbee\
\xe1QOyJ\x99\x12lP\x06eP\x1e\x9d\xe5\xed\
\xefz\x07\x98\x19\x07=\xe9\x90\x17N\x9d:\xe5v\x02\
\x8d\xb9\xa5\x17^(P2\x03\xa8!\xa6@<}\xfa\
\xb4{\x8e{\xe6q/gfz\xcf{\x07\x87{>\
\x1e\xcb\xe0d\xa0\xc7a\xb9\xfa\xaa\x9f\xe0\x0fw\xde\x89\
?9\xea\xa8\xe5w\xddq\xe7\xee\xab\xd7\xac>\x8c\x99\
\x03\xc6\x0a\xd9\xa7|\x00H\xbe\x9e\xcf\x06\x88;-\x5c\
x\xc1\xcb_\xfe\x8a\xff\xfa\x7f\xa7\x9dv\xff\xff\x1e\x9c\
\xf03(\x83\xf2\xd8)g,Z\x04\x00x\xd6\xb3\x9e\
\xf5\xac\xa9S\xa7\xde\x84\xad!\x80\xb6\x8f\xe0\x8e#\x8e\
<\xe2\x85\xcc\x8c\x7f\xfd\xb7\x7f\x9d\xe8\xee\x0c\xca\xa0\x0c\
\xca\x03-\xc7\x1ew,Nz\xd9I\xd3w\xd9e\x97\
\xcf4M3\x82m\x9c\xfcM\xd3\x8c\xee\xb3\xcf>\xff\
\xf9\xd2\x97\xbet\xf6s\x9e\xfd\x9c\x89\xee\xc6\xa0\x0c\xca\
\xa0<\x98r\xc1\x05\xe7\x03\x00^r\xe2K\x8e\x9e=\
{\xf6\xcfQ\xa7\x11\xa7\xfe\x02`\xc6\x8c\xe97\x9dp\
\xc2\x09\xcf\x04\x80\xd3N\xfb\xdaDwcP\x1e\xc62\
\x88\x04|\x1c\x97\x17\xbf\xf8/p\xf2\xab_\x85\xc3\x0e\
?\xfcg;\xee\xb4\xd3\x85\xc3\xc3\xc3[\x90\x13\x7fj\
\xf1\xa9\xc2\x09\x18\x1a\x1a\x1a\xddn\xbb\xf9\x17m\xbf`\
\xfe5\xcfy\xce\xb3\xf1\xda\xd7\xbef\xa2\xbb1(\x0f\
c\x19\x08\x80\xc7y9\xf0\xc0\x03\xf0\x99O~j\xd3\
1\xc7\x1c}\xd6\xec\xd9\xb3\x7f\x01\xc0\xd2\x82q\xfb\xf3\
\xcc\x993o:\xf2\x88#\xce>}\xd1\xe2\xfb\xf7\xdd\
g\x9f\x89n\xfe\xa0\x0c\xca\xa0\xfc\xb1\xe5\x9d\xefz'\
.\xfe\xc6\xc5\x93\xf6\xddo\xdf\x7fj\x9af#\xc6\xb0\
\xfd;\x9d\xce\x96\x83\x0f9\xf8\xc3\xff\xfd\xdf_\x99\xf2\
\xb6\xb7\x0d\x0e\xf7\x1c\x94Ay\x5c\x94\x0f}\xf4C8\
\xf2O\x8e\xc4\x09\x7f\xf6\xfcC\xb6\xdf~\xfb\xab1\x86\
\x00X\xb0`\xc1\xb5\xa7\x9cr\xca\x93\xf7\xdf\x7f\x7fl\
\xde\xbce\xa2\x9b=(\x832(\x0fU\xf9\xc8G?\
\x8c_\xff\xfa\xc6\xe1\xc3\x8f8\xfc\xbdCCC\x1bP\
M\xfe\xa1\xa1\xa1\xb5\x87\x1fv\xf8\xdf]{\xed\xf5\xc3\
\x1fx\xff\x07&\xba\xb9\x83\xf2\x08\x95\x81\x0f\xe0\x09R\
v\xd8qG\x1cp\xc0A#s\xe7\xce\xbd`\xee\xbc\
\xb9?\x09\xc1\x86\x9e\x880k\xd6\xac+\xe7\xcd\x9b{\
\xfe\x91G\x1e>\xb2\xe3N\x83d\x1f\x832(\x8f\xbb\
\xf2\xc9O~\x02\xccL\x7f\xfa\xec?}\xee\xec\xd9\xb3\
\xaf\x1c\x1e\x1e\xbe\x7f\xd2\xf0\xf0\x869sf\xff\xe8\xf8\
\xe3\x9f\xf9\x1cf\xa6\x0f}p\xa0\xfd\x9fHe\x90\xcf\
\xf9\x09VN8\xe1y\xd8a\xfb\xed;7\xfe\xea\xd7\
GM\x9b6\xfd\x19\x810\xbai\xd3\xc6+\xf7\xdfo\
\xff\xeb\xee]\xbe|\xf4\xe2o\x5c2\xd1M\x1c\x94G\
\xb0\xfc\xffg\xf8\x15\x0b\x14\x87 O\x00\x00\x00\x00I\
END\xaeB`\x82\
"

qt_resource_name = b"\
\x00\x05\
\x00o\xa6S\
\x00i\
\x00c\x00o\x00n\x00s\
\x00\x0e\
\x04\x16\x18\x9f\
\x00f\
\x00a\x00v\x00i\x00c\x00o\x00n\x002\x005\x006\x00.\x00i\x00c\x00o\
"

qt_resource_struct = b"\
\x00\x00\x00\x00\x00\x02\x00\x00\x00\x01\x00\x00\x00\x01\
\x00\x00\x00\x00\x00\x00\x00\x00\
\x00\x00\x00\x00\x00\x02\x00\x00\x00\x01\x00\x00\x00\x02\
\x00\x00\x00\x00\x00\x00\x00\x00\
\x00\x00\x00\x10\x00\x00\x00\x00\x00\x01\x00\x00\x00\x00\
\x00\x00\x01\x9c\x8a\xdd\x80\xa4\
"

def qInitResources():
    QtCore.qRegisterResourceData(0x03, qt_resource_struct, qt_resource_name, qt_resource_data)

def qCleanupResources():
    QtCore.qUnregisterResourceData(0x03, qt_resource_struct, qt_resource_name, qt_resource_data)

qInitResources()
